company,model,year,kms_driven,fuel_type,price
Maruti,Swift,2015,170621,Petrol,223000
Maruti,Swift,2015,75097,Petrol,300000
Maruti,Swift,2015,39579,Petrol,376000
Maruti,Swift,2015,145964,Petrol,238000
Maruti,Swift,2015,113604,Petrol,255000
Maruti,Swift,2015,27561,Petrol,331000
Maruti,Swift,2015,135475,Diesel,309000
Maruti,Swift,2015,150127,Diesel,263000
Maruti,Swift,2015,173363,Diesel,285000
Maruti,Swift,2015,112974,Diesel,293000
Maruti,Swift,2015,157472,Diesel,264000
Maruti,Swift,2015,4703,Diesel,439000
Maruti,Swift,2015,44853,CNG,287000
Maruti,Swift,2015,92194,CNG,227000
Maruti,Swift,2015,59443,CNG,297000
Maruti,Swift,2015,91236,CNG,215000
Maruti,Swift,2015,102595,CNG,209000
Maruti,Swift,2015,93165,CNG,250000
Maruti,Swift,2015,14390,LPG,301000
Maruti,Swift,2015,143568,LPG,184000
Maruti,Swift,2015,102230,LPG,202000
Maruti,Swift,2015,79854,LPG,267000
Maruti,Swift,2015,165141,LPG,216000
Maruti,Swift,2015,97800,LPG,239000
Maruti,Swift,2016,21233,Petrol,347000
Maruti,Swift,2016,62742,Petrol,394000
Maruti,Swift,2016,23916,Petrol,439000
Maruti,Swift,2016,29476,Petrol,379000
Maruti,Swift,2016,121858,Petrol,328000
Maruti,Swift,2016,98638,Petrol,302000
Maruti,Swift,2016,96132,Diesel,334000
Maruti,Swift,2016,72986,Diesel,408000
Maruti,Swift,2016,172878,Diesel,258000
Maruti,Swift,2016,169455,Diesel,270000
Maruti,Swift,2016,67175,Diesel,352000
Maruti,Swift,2016,102471,Diesel,335000
Maruti,Swift,2016,170772,CNG,226000
Maruti,Swift,2016,60570,CNG,302000
Maruti,Swift,2016,17663,CNG,290000
Maruti,Swift,2016,11414,CNG,347000
Maruti,Swift,2016,108162,CNG,238000
Maruti,Swift,2016,58307,CNG,322000
Maruti,Swift,2016,151682,LPG,245000
Maruti,Swift,2016,85490,LPG,241000
Maruti,Swift,2016,133870,LPG,225000
Maruti,Swift,2016,171519,LPG,206000
Maruti,Swift,2016,72436,LPG,243000
Maruti,Swift,2016,150159,LPG,225000
Maruti,Swift,2017,156245,Petrol,307000
Maruti,Swift,2017,155969,Petrol,304000
Maruti,Swift,2017,60493,Petrol,458000
Maruti,Swift,2017,39262,Petrol,421000
Maruti,Swift,2017,26831,Petrol,463000
Maruti,Swift,2017,31743,Petrol,383000
Maruti,Swift,2017,44938,Diesel,486000
Maruti,Swift,2017,113666,Diesel,391000
Maruti,Swift,2017,103864,Diesel,376000
Maruti,Swift,2017,125696,Diesel,371000
Maruti,Swift,2017,148024,Diesel,383000
Maruti,Swift,2017,6009,Diesel,512000
Maruti,Swift,2017,33029,CNG,349000
Maruti,Swift,2017,143763,CNG,272000
Maruti,Swift,2017,171024,CNG,223000
Maruti,Swift,2017,79939,CNG,293000
Maruti,Swift,2017,121940,CNG,230000
Maruti,Swift,2017,72045,CNG,346000
Maruti,Swift,2017,49832,LPG,312000
Maruti,Swift,2017,30894,LPG,360000
Maruti,Swift,2017,81235,LPG,319000
Maruti,Swift,2017,136080,LPG,260000
Maruti,Swift,2017,43065,LPG,305000
Maruti,Swift,2017,45349,LPG,318000
Maruti,Swift,2018,142029,Petrol,398000
Maruti,Swift,2018,160009,Petrol,319000
Maruti,Swift,2018,8105,Petrol,432000
Maruti,Swift,2018,98153,Petrol,442000
Maruti,Swift,2018,83612,Petrol,381000
Maruti,Swift,2018,66143,Petrol,477000
Maruti,Swift,2018,23645,Diesel,448000
Maruti,Swift,2018,130399,Diesel,431000
Maruti,Swift,2018,142645,Diesel,412000
Maruti,Swift,2018,36657,Diesel,518000
Maruti,Swift,2018,147127,Diesel,340000
Maruti,Swift,2018,141326,Diesel,425000
Maruti,Swift,2018,113923,CNG,338000
Maruti,Swift,2018,144373,CNG,295000
Maruti,Swift,2018,55730,CNG,364000
Maruti,Swift,2018,107593,CNG,347000
Maruti,Swift,2018,173361,CNG,243000
Maruti,Swift,2018,138679,CNG,275000
Maruti,Swift,2018,67986,LPG,299000
Maruti,Swift,2018,91627,LPG,264000
Maruti,Swift,2018,148207,LPG,244000
Maruti,Swift,2018,60728,LPG,283000
Maruti,Swift,2018,168439,LPG,217000
Maruti,Swift,2018,20668,LPG,403000
Maruti,Swift,2019,89619,Petrol,385000
Maruti,Swift,2019,65391,Petrol,436000
Maruti,Swift,2019,130248,Petrol,363000
Maruti,Swift,2019,37684,Petrol,528000
Maruti,Swift,2019,152695,Petrol,380000
Maruti,Swift,2019,66700,Petrol,503000
Maruti,Swift,2019,109708,Diesel,411000
Maruti,Swift,2019,28409,Diesel,571000
Maruti,Swift,2019,95876,Diesel,457000
Maruti,Swift,2019,125427,Diesel,480000
Maruti,Swift,2019,17200,Diesel,587000
Maruti,Swift,2019,172392,Diesel,335000
Maruti,Swift,2019,108544,CNG,349000
Maruti,Swift,2019,31644,CNG,363000
Maruti,Swift,2019,52862,CNG,378000
Maruti,Swift,2019,39747,CNG,376000
Maruti,Swift,2019,76018,CNG,351000
Maruti,Swift,2019,22761,CNG,392000
Maruti,Swift,2019,147264,LPG,254000
Maruti,Swift,2019,173955,LPG,304000
Maruti,Swift,2019,6868,LPG,457000
Maruti,Swift,2019,64965,LPG,320000
Maruti,Swift,2019,130307,LPG,299000
Maruti,Swift,2019,108130,LPG,357000
Maruti,Swift,2020,46158,Petrol,507000
Maruti,Swift,2020,105346,Petrol,425000
Maruti,Swift,2020,122277,Petrol,410000
Maruti,Swift,2020,148691,Petrol,426000
Maruti,Swift,2020,130577,Petrol,384000
Maruti,Swift,2020,80780,Petrol,445000
Maruti,Swift,2020,18331,Diesel,616000
Maruti,Swift,2020,145133,Diesel,387000
Maruti,Swift,2020,85209,Diesel,451000
Maruti,Swift,2020,156138,Diesel,427000
Maruti,Swift,2020,142231,Diesel,402000
Maruti,Swift,2020,136124,Diesel,399000
Maruti,Swift,2020,51712,CNG,354000
Maruti,Swift,2020,20815,CNG,454000
Maruti,Swift,2020,64657,CNG,382000
Maruti,Swift,2020,152336,CNG,291000
Maruti,Swift,2020,158849,CNG,267000
Maruti,Swift,2020,24491,CNG,419000
Maruti,Swift,2020,156006,LPG,308000
Maruti,Swift,2020,85934,LPG,410000
Maruti,Swift,2020,56545,LPG,409000
Maruti,Swift,2020,85361,LPG,337000
Maruti,Swift,2020,106752,LPG,309000
Maruti,Swift,2020,172214,LPG,271000
Maruti,Swift,2021,85883,Petrol,580000
Maruti,Swift,2021,22016,Petrol,510000
Maruti,Swift,2021,165833,Petrol,477000
Maruti,Swift,2021,29209,Petrol,513000
Maruti,Swift,2021,58877,Petrol,550000
Maruti,Swift,2021,37722,Petrol,648000
Maruti,Swift,2021,21033,Diesel,715000
Maruti,Swift,2021,99869,Diesel,504000
Maruti,Swift,2021,117867,Diesel,564000
Maruti,Swift,2021,82303,Diesel,580000
Maruti,Swift,2021,174435,Diesel,442000
Maruti,Swift,2021,178076,Diesel,473000
Maruti,Swift,2021,81480,CNG,458000
Maruti,Swift,2021,30154,CNG,515000
Maruti,Swift,2021,38203,CNG,418000
Maruti,Swift,2021,31058,CNG,488000
Maruti,Swift,2021,43749,CNG,414000
Maruti,Swift,2021,161552,CNG,301000
Maruti,Swift,2021,92884,LPG,352000
Maruti,Swift,2021,169261,LPG,345000
Maruti,Swift,2021,135489,LPG,344000
Maruti,Swift,2021,16316,LPG,403000
Maruti,Swift,2021,114037,LPG,400000
Maruti,Swift,2021,14557,LPG,393000
Maruti,Swift,2022,37293,Petrol,643000
Maruti,Swift,2022,71670,Petrol,516000
Maruti,Swift,2022,118824,Petrol,517000
Maruti,Swift,2022,115115,Petrol,524000
Maruti,Swift,2022,32327,Petrol,548000
Maruti,Swift,2022,42073,Petrol,620000
Maruti,Swift,2022,99787,Diesel,592000
Maruti,Swift,2022,41821,Diesel,648000
Maruti,Swift,2022,13965,Diesel,663000
Maruti,Swift,2022,13458,Diesel,784000
Maruti,Swift,2022,58070,Diesel,672000
Maruti,Swift,2022,177832,Diesel,411000
Maruti,Swift,2022,149770,CNG,406000
Maruti,Swift,2022,109529,CNG,463000
Maruti,Swift,2022,43515,CNG,535000
Maruti,Swift,2022,65059,CNG,502000
Maruti,Swift,2022,49413,CNG,522000
Maruti,Swift,2022,9497,CNG,464000
Maruti,Swift,2022,90080,LPG,451000
Maruti,Swift,2022,110928,LPG,430000
Maruti,Swift,2022,68055,LPG,409000
Maruti,Swift,2022,31336,LPG,460000
Maruti,Swift,2022,13151,LPG,546000
Maruti,Swift,2022,61309,LPG,407000
Maruti,Swift,2023,123665,Petrol,515000
Maruti,Swift,2023,62662,Petrol,576000
Maruti,Swift,2023,176023,Petrol,422000
Maruti,Swift,2023,89051,Petrol,550000
Maruti,Swift,2023,21198,Petrol,779000
Maruti,Swift,2023,76170,Petrol,580000
Maruti,Swift,2023,136537,Diesel,546000
Maruti,Swift,2023,143565,Diesel,524000
Maruti,Swift,2023,10235,Diesel,672000
Maruti,Swift,2023,71475,Diesel,601000
Maruti,Swift,2023,72590,Diesel,572000
Maruti,Swift,2023,159387,Diesel,517000
Maruti,Swift,2023,85228,CNG,455000
Maruti,Swift,2023,137066,CNG,360000
Maruti,Swift,2023,154149,CNG,351000
Maruti,Swift,2023,14635,CNG,575000
Maruti,Swift,2023,3443,CNG,558000
Maruti,Swift,2023,144151,CNG,419000
Maruti,Swift,2023,178801,LPG,319000
Maruti,Swift,2023,116062,LPG,365000
Maruti,Swift,2023,177125,LPG,394000
Maruti,Swift,2023,166356,LPG,343000
Maruti,Swift,2023,35669,LPG,538000
Maruti,Swift,2023,81727,LPG,456000
Maruti,Swift,2024,177821,Petrol,480000
Maruti,Swift,2024,108486,Petrol,633000
Maruti,Swift,2024,148335,Petrol,480000
Maruti,Swift,2024,113217,Petrol,620000
Maruti,Swift,2024,102390,Petrol,640000
Maruti,Swift,2024,48620,Petrol,714000
Maruti,Swift,2024,81892,Diesel,672000
Maruti,Swift,2024,3106,Diesel,774000
Maruti,Swift,2024,58098,Diesel,715000
Maruti,Swift,2024,155039,Diesel,588000
Maruti,Swift,2024,87475,Diesel,675000
Maruti,Swift,2024,118909,Diesel,662000
Maruti,Swift,2024,137001,CNG,430000
Maruti,Swift,2024,47483,CNG,565000
Maruti,Swift,2024,77392,CNG,507000
Maruti,Swift,2024,168921,CNG,409000
Maruti,Swift,2024,27480,CNG,616000
Maruti,Swift,2024,64569,CNG,546000
Maruti,Swift,2024,61888,LPG,555000
Maruti,Swift,2024,41627,LPG,459000
Maruti,Swift,2024,67184,LPG,574000
Maruti,Swift,2024,163241,LPG,431000
Maruti,Swift,2024,22091,LPG,548000
Maruti,Swift,2024,168089,LPG,394000
Maruti,Swift,2025,103657,Petrol,645000
Maruti,Swift,2025,66959,Petrol,634000
Maruti,Swift,2025,4453,Petrol,901000
Maruti,Swift,2025,30941,Petrol,827000
Maruti,Swift,2025,60367,Petrol,649000
Maruti,Swift,2025,138779,Petrol,583000
Maruti,Swift,2025,149120,Diesel,573000
Maruti,Swift,2025,34813,Diesel,809000
Maruti,Swift,2025,124803,Diesel,693000
Maruti,Swift,2025,149518,Diesel,634000
Maruti,Swift,2025,119017,Diesel,693000
Maruti,Swift,2025,135324,Diesel,629000
Maruti,Swift,2025,146621,CNG,442000
Maruti,Swift,2025,44722,CNG,620000
Maruti,Swift,2025,127433,CNG,467000
Maruti,Swift,2025,67812,CNG,604000
Maruti,Swift,2025,75695,CNG,582000
Maruti,Swift,2025,139655,CNG,456000
Maruti,Swift,2025,65716,LPG,503000
Maruti,Swift,2025,23311,LPG,628000
Maruti,Swift,2025,64471,LPG,504000
Maruti,Swift,2025,86809,LPG,571000
Maruti,Swift,2025,24122,LPG,528000
Maruti,Swift,2025,63623,LPG,522000
Maruti,Alto,2015,43056,Petrol,239000
Maruti,Alto,2015,19837,Petrol,231000
Maruti,Alto,2015,89738,Petrol,205000
Maruti,Alto,2015,111992,Petrol,167000
Maruti,Alto,2015,113138,Petrol,185000
Maruti,Alto,2015,156112,Petrol,192000
Maruti,Alto,2015,8120,Diesel,289000
Maruti,Alto,2015,153913,Diesel,178000
Maruti,Alto,2015,4545,Diesel,298000
Maruti,Alto,2015,81279,Diesel,239000
Maruti,Alto,2015,112843,Diesel,209000
Maruti,Alto,2015,146165,Diesel,205000
Maruti,Alto,2015,60812,CNG,168000
Maruti,Alto,2015,74548,CNG,161000
Maruti,Alto,2015,10608,CNG,182000
Maruti,Alto,2015,178341,CNG,150000
Maruti,Alto,2015,108989,CNG,160000
Maruti,Alto,2015,125523,CNG,162000
Maruti,Alto,2015,166120,LPG,150000
Maruti,Alto,2015,106290,LPG,152000
Maruti,Alto,2015,176801,LPG,150000
Maruti,Alto,2015,171492,LPG,150000
Maruti,Alto,2015,124031,LPG,150000
Maruti,Alto,2015,71198,LPG,155000
Maruti,Alto,2016,58485,Petrol,235000
Maruti,Alto,2016,91473,Petrol,237000
Maruti,Alto,2016,102385,Petrol,201000
Maruti,Alto,2016,113510,Petrol,194000
Maruti,Alto,2016,24471,Petrol,255000
Maruti,Alto,2016,144405,Petrol,167000
Maruti,Alto,2016,94740,Diesel,217000
Maruti,Alto,2016,20987,Diesel,302000
Maruti,Alto,2016,173853,Diesel,165000
Maruti,Alto,2016,11134,Diesel,322000
Maruti,Alto,2016,55261,Diesel,285000
Maruti,Alto,2016,165879,Diesel,175000
Maruti,Alto,2016,36088,CNG,194000
Maruti,Alto,2016,32986,CNG,200000
Maruti,Alto,2016,60138,CNG,183000
Maruti,Alto,2016,70172,CNG,195000
Maruti,Alto,2016,46984,CNG,197000
Maruti,Alto,2016,33024,CNG,213000
Maruti,Alto,2016,45930,LPG,212000
Maruti,Alto,2016,31337,LPG,197000
Maruti,Alto,2016,84777,LPG,174000
Maruti,Alto,2016,101384,LPG,159000
Maruti,Alto,2016,54990,LPG,160000
Maruti,Alto,2016,167427,LPG,150000
Maruti,Alto,2017,82058,Petrol,271000
Maruti,Alto,2017,160394,Petrol,218000
Maruti,Alto,2017,151355,Petrol,222000
Maruti,Alto,2017,94017,Petrol,241000
Maruti,Alto,2017,176413,Petrol,183000
Maruti,Alto,2017,135634,Petrol,224000
Maruti,Alto,2017,6316,Diesel,346000
Maruti,Alto,2017,131503,Diesel,207000
Maruti,Alto,2017,97945,Diesel,266000
Maruti,Alto,2017,123517,Diesel,254000
Maruti,Alto,2017,117160,Diesel,220000
Maruti,Alto,2017,139772,Diesel,260000
Maruti,Alto,2017,73800,CNG,202000
Maruti,Alto,2017,144078,CNG,177000
Maruti,Alto,2017,124863,CNG,169000
Maruti,Alto,2017,158313,CNG,150000
Maruti,Alto,2017,67355,CNG,218000
Maruti,Alto,2017,25718,CNG,204000
Maruti,Alto,2017,121175,LPG,157000
Maruti,Alto,2017,124820,LPG,171000
Maruti,Alto,2017,178161,LPG,150000
Maruti,Alto,2017,10523,LPG,219000
Maruti,Alto,2017,88200,LPG,167000
Maruti,Alto,2017,58605,LPG,189000
Maruti,Alto,2018,70725,Petrol,262000
Maruti,Alto,2018,159278,Petrol,231000
Maruti,Alto,2018,75422,Petrol,276000
Maruti,Alto,2018,138430,Petrol,261000
Maruti,Alto,2018,25442,Petrol,281000
Maruti,Alto,2018,109542,Petrol,249000
Maruti,Alto,2018,65999,Diesel,316000
Maruti,Alto,2018,172319,Diesel,240000
Maruti,Alto,2018,120486,Diesel,285000
Maruti,Alto,2018,27393,Diesel,307000
Maruti,Alto,2018,109011,Diesel,285000
Maruti,Alto,2018,83270,Diesel,302000
Maruti,Alto,2018,99736,CNG,198000
Maruti,Alto,2018,142177,CNG,170000
Maruti,Alto,2018,147281,CNG,167000
Maruti,Alto,2018,121946,CNG,176000
Maruti,Alto,2018,68903,CNG,198000
Maruti,Alto,2018,53484,CNG,211000
Maruti,Alto,2018,143473,LPG,196000
Maruti,Alto,2018,51535,LPG,198000
Maruti,Alto,2018,129929,LPG,168000
Maruti,Alto,2018,157556,LPG,190000
Maruti,Alto,2018,140530,LPG,180000
Maruti,Alto,2018,29352,LPG,251000
Maruti,Alto,2019,80659,Petrol,267000
Maruti,Alto,2019,50039,Petrol,294000
Maruti,Alto,2019,143020,Petrol,220000
Maruti,Alto,2019,14931,Petrol,382000
Maruti,Alto,2019,148059,Petrol,229000
Maruti,Alto,2019,36103,Petrol,334000
Maruti,Alto,2019,131680,Diesel,244000
Maruti,Alto,2019,6215,Diesel,377000
Maruti,Alto,2019,126049,Diesel,278000
Maruti,Alto,2019,92314,Diesel,277000
Maruti,Alto,2019,16468,Diesel,336000
Maruti,Alto,2019,128233,Diesel,247000
Maruti,Alto,2019,20129,CNG,252000
Maruti,Alto,2019,22420,CNG,264000
Maruti,Alto,2019,17053,CNG,234000
Maruti,Alto,2019,150545,CNG,213000
Maruti,Alto,2019,25329,CNG,293000
Maruti,Alto,2019,34051,CNG,256000
Maruti,Alto,2019,112097,LPG,210000
Maruti,Alto,2019,165114,LPG,162000
Maruti,Alto,2019,139989,LPG,183000
Maruti,Alto,2019,119056,LPG,189000
Maruti,Alto,2019,157278,LPG,206000
Maruti,Alto,2019,83053,LPG,224000
Maruti,Alto,2020,18789,Petrol,371000
Maruti,Alto,2020,29013,Petrol,398000
Maruti,Alto,2020,57470,Petrol,343000
Maruti,Alto,2020,72375,Petrol,335000
Maruti,Alto,2020,44171,Petrol,315000
Maruti,Alto,2020,147701,Petrol,231000
Maruti,Alto,2020,3701,Diesel,390000
Maruti,Alto,2020,158664,Diesel,273000
Maruti,Alto,2020,11556,Diesel,363000
Maruti,Alto,2020,77112,Diesel,362000
Maruti,Alto,2020,122021,Diesel,267000
Maruti,Alto,2020,64190,Diesel,395000
Maruti,Alto,2020,166855,CNG,199000
Maruti,Alto,2020,54857,CNG,254000
Maruti,Alto,2020,145753,CNG,190000
Maruti,Alto,2020,42056,CNG,299000
Maruti,Alto,2020,40286,CNG,235000
Maruti,Alto,2020,46495,CNG,287000
Maruti,Alto,2020,158987,LPG,208000
Maruti,Alto,2020,152214,LPG,222000
Maruti,Alto,2020,118121,LPG,193000
Maruti,Alto,2020,82715,LPG,251000
Maruti,Alto,2020,74367,LPG,242000
Maruti,Alto,2020,132445,LPG,205000
Maruti,Alto,2021,159771,Petrol,237000
Maruti,Alto,2021,116253,Petrol,330000
Maruti,Alto,2021,161259,Petrol,253000
Maruti,Alto,2021,26940,Petrol,351000
Maruti,Alto,2021,179763,Petrol,283000
Maruti,Alto,2021,153784,Petrol,286000
Maruti,Alto,2021,8438,Diesel,489000
Maruti,Alto,2021,179234,Diesel,305000
Maruti,Alto,2021,154059,Diesel,260000
Maruti,Alto,2021,48925,Diesel,389000
Maruti,Alto,2021,173789,Diesel,279000
Maruti,Alto,2021,75917,Diesel,334000
Maruti,Alto,2021,156440,CNG,212000
Maruti,Alto,2021,131902,CNG,263000
Maruti,Alto,2021,126210,CNG,224000
Maruti,Alto,2021,90374,CNG,244000
Maruti,Alto,2021,30420,CNG,325000
Maruti,Alto,2021,89456,CNG,251000
Maruti,Alto,2021,132884,LPG,211000
Maruti,Alto,2021,107976,LPG,262000
Maruti,Alto,2021,147204,LPG,187000
Maruti,Alto,2021,26084,LPG,274000
Maruti,Alto,2021,87744,LPG,224000
Maruti,Alto,2021,108952,LPG,265000
Maruti,Alto,2022,3301,Petrol,449000
Maruti,Alto,2022,145237,Petrol,303000
Maruti,Alto,2022,17209,Petrol,379000
Maruti,Alto,2022,97838,Petrol,360000
Maruti,Alto,2022,133676,Petrol,328000
Maruti,Alto,2022,16529,Petrol,382000
Maruti,Alto,2022,146974,Diesel,294000
Maruti,Alto,2022,78505,Diesel,386000
Maruti,Alto,2022,130064,Diesel,307000
Maruti,Alto,2022,168156,Diesel,319000
Maruti,Alto,2022,65730,Diesel,430000
Maruti,Alto,2022,84461,Diesel,393000
Maruti,Alto,2022,147769,CNG,231000
Maruti,Alto,2022,61903,CNG,338000
Maruti,Alto,2022,32743,CNG,311000
Maruti,Alto,2022,33793,CNG,328000
Maruti,Alto,2022,43362,CNG,308000
Maruti,Alto,2022,79509,CNG,284000
Maruti,Alto,2022,74676,LPG,272000
Maruti,Alto,2022,129484,LPG,277000
Maruti,Alto,2022,66892,LPG,281000
Maruti,Alto,2022,40917,LPG,291000
Maruti,Alto,2022,160123,LPG,224000
Maruti,Alto,2022,38784,LPG,335000
Maruti,Alto,2023,75416,Petrol,424000
Maruti,Alto,2023,111774,Petrol,342000
Maruti,Alto,2023,136100,Petrol,314000
Maruti,Alto,2023,3672,Petrol,430000
Maruti,Alto,2023,81264,Petrol,425000
Maruti,Alto,2023,155023,Petrol,366000
Maruti,Alto,2023,131356,Diesel,407000
Maruti,Alto,2023,120059,Diesel,384000
Maruti,Alto,2023,93472,Diesel,386000
Maruti,Alto,2023,145456,Diesel,342000
Maruti,Alto,2023,87352,Diesel,457000
Maruti,Alto,2023,65601,Diesel,443000
Maruti,Alto,2023,64226,CNG,347000
Maruti,Alto,2023,110682,CNG,244000
Maruti,Alto,2023,126987,CNG,285000
Maruti,Alto,2023,102937,CNG,277000
Maruti,Alto,2023,176982,CNG,253000
Maruti,Alto,2023,173922,CNG,268000
Maruti,Alto,2023,132847,LPG,293000
Maruti,Alto,2023,36094,LPG,326000
Maruti,Alto,2023,157712,LPG,229000
Maruti,Alto,2023,29309,LPG,367000
Maruti,Alto,2023,118423,LPG,237000
Maruti,Alto,2023,122780,LPG,228000
Maruti,Alto,2024,40789,Petrol,442000
Maruti,Alto,2024,174646,Petrol,366000
Maruti,Alto,2024,22615,Petrol,468000
Maruti,Alto,2024,72474,Petrol,403000
Maruti,Alto,2024,107197,Petrol,405000
Maruti,Alto,2024,89131,Petrol,448000
Maruti,Alto,2024,142885,Diesel,368000
Maruti,Alto,2024,86010,Diesel,458000
Maruti,Alto,2024,130912,Diesel,437000
Maruti,Alto,2024,12410,Diesel,538000
Maruti,Alto,2024,64543,Diesel,483000
Maruti,Alto,2024,78334,Diesel,515000
Maruti,Alto,2024,26692,CNG,358000
Maruti,Alto,2024,28806,CNG,391000
Maruti,Alto,2024,29347,CNG,357000
Maruti,Alto,2024,81503,CNG,361000
Maruti,Alto,2024,15056,CNG,355000
Maruti,Alto,2024,17711,CNG,349000
Maruti,Alto,2024,101262,LPG,293000
Maruti,Alto,2024,67014,LPG,328000
Maruti,Alto,2024,151354,LPG,276000
Maruti,Alto,2024,50200,LPG,305000
Maruti,Alto,2024,23701,LPG,369000
Maruti,Alto,2024,103281,LPG,308000
Maruti,Alto,2025,66132,Petrol,457000
Maruti,Alto,2025,155871,Petrol,325000
Maruti,Alto,2025,123887,Petrol,412000
Maruti,Alto,2025,123473,Petrol,369000
Maruti,Alto,2025,5463,Petrol,582000
Maruti,Alto,2025,124963,Petrol,441000
Maruti,Alto,2025,146287,Diesel,362000
Maruti,Alto,2025,118796,Diesel,490000
Maruti,Alto,2025,157028,Diesel,368000
Maruti,Alto,2025,114230,Diesel,463000
Maruti,Alto,2025,122756,Diesel,473000
Maruti,Alto,2025,55223,Diesel,580000
Maruti,Alto,2025,129670,CNG,270000
Maruti,Alto,2025,102972,CNG,333000
Maruti,Alto,2025,153683,CNG,268000
Maruti,Alto,2025,80392,CNG,297000
Maruti,Alto,2025,175550,CNG,259000
Maruti,Alto,2025,5122,CNG,415000
Maruti,Alto,2025,15856,LPG,434000
Maruti,Alto,2025,133214,LPG,322000
Maruti,Alto,2025,78024,LPG,365000
Maruti,Alto,2025,63324,LPG,361000
Maruti,Alto,2025,95358,LPG,298000
Maruti,Alto,2025,52841,LPG,371000
Maruti,Celerio,2015,175800,Petrol,192000
Maruti,Celerio,2015,38855,Petrol,270000
Maruti,Celerio,2015,167484,Petrol,195000
Maruti,Celerio,2015,83984,Petrol,254000
Maruti,Celerio,2015,11746,Petrol,282000
Maruti,Celerio,2015,37448,Petrol,230000
Maruti,Celerio,2015,80361,Diesel,243000
Maruti,Celerio,2015,111921,Diesel,214000
Maruti,Celerio,2015,37644,Diesel,305000
Maruti,Celerio,2015,98907,Diesel,246000
Maruti,Celerio,2015,74441,Diesel,284000
Maruti,Celerio,2015,70363,Diesel,293000
Maruti,Celerio,2015,129313,CNG,185000
Maruti,Celerio,2015,80369,CNG,198000
Maruti,Celerio,2015,91792,CNG,195000
Maruti,Celerio,2015,125770,CNG,187000
Maruti,Celerio,2015,39898,CNG,217000
Maruti,Celerio,2015,62143,CNG,213000
Maruti,Celerio,2015,179791,LPG,156000
Maruti,Celerio,2015,149096,LPG,150000
Maruti,Celerio,2015,106435,LPG,150000
Maruti,Celerio,2015,143659,LPG,150000
Maruti,Celerio,2015,99622,LPG,180000
Maruti,Celerio,2015,179250,LPG,150000
Maruti,Celerio,2016,102883,Petrol,268000
Maruti,Celerio,2016,100379,Petrol,218000
Maruti,Celerio,2016,64295,Petrol,267000
Maruti,Celerio,2016,165410,Petrol,230000
Maruti,Celerio,2016,150169,Petrol,205000
Maruti,Celerio,2016,162929,Petrol,191000
Maruti,Celerio,2016,19571,Diesel,333000
Maruti,Celerio,2016,124704,Diesel,280000
Maruti,Celerio,2016,82217,Diesel,291000
Maruti,Celerio,2016,33585,Diesel,278000
Maruti,Celerio,2016,12754,Diesel,306000
Maruti,Celerio,2016,132138,Diesel,218000
Maruti,Celerio,2016,64551,CNG,233000
Maruti,Celerio,2016,38563,CNG,215000
Maruti,Celerio,2016,100258,CNG,202000
Maruti,Celerio,2016,144608,CNG,167000
Maruti,Celerio,2016,43507,CNG,244000
Maruti,Celerio,2016,174683,CNG,150000
Maruti,Celerio,2016,131279,LPG,179000
Maruti,Celerio,2016,76332,LPG,172000
Maruti,Celerio,2016,100132,LPG,172000
Maruti,Celerio,2016,119574,LPG,202000
Maruti,Celerio,2016,98075,LPG,166000
Maruti,Celerio,2016,99294,LPG,190000
Maruti,Celerio,2017,172037,Petrol,212000
Maruti,Celerio,2017,107369,Petrol,247000
Maruti,Celerio,2017,35023,Petrol,354000
Maruti,Celerio,2017,122201,Petrol,224000
Maruti,Celerio,2017,58602,Petrol,309000
Maruti,Celerio,2017,159538,Petrol,260000
Maruti,Celerio,2017,16258,Diesel,381000
Maruti,Celerio,2017,66850,Diesel,360000
Maruti,Celerio,2017,151000,Diesel,232000
Maruti,Celerio,2017,148282,Diesel,234000
Maruti,Celerio,2017,59610,Diesel,349000
Maruti,Celerio,2017,64079,Diesel,301000
Maruti,Celerio,2017,41680,CNG,261000
Maruti,Celerio,2017,159233,CNG,153000
Maruti,Celerio,2017,40929,CNG,275000
Maruti,Celerio,2017,144614,CNG,173000
Maruti,Celerio,2017,48743,CNG,210000
Maruti,Celerio,2017,9758,CNG,230000
Maruti,Celerio,2017,96911,LPG,224000
Maruti,Celerio,2017,65372,LPG,228000
Maruti,Celerio,2017,7136,LPG,228000
Maruti,Celerio,2017,16736,LPG,220000
Maruti,Celerio,2017,113352,LPG,199000
Maruti,Celerio,2017,19661,LPG,244000
Maruti,Celerio,2018,97906,Petrol,295000
Maruti,Celerio,2018,31587,Petrol,338000
Maruti,Celerio,2018,61077,Petrol,362000
Maruti,Celerio,2018,14367,Petrol,378000
Maruti,Celerio,2018,175727,Petrol,238000
Maruti,Celerio,2018,123073,Petrol,287000
Maruti,Celerio,2018,11165,Diesel,337000
Maruti,Celerio,2018,128562,Diesel,323000
Maruti,Celerio,2018,114745,Diesel,321000
Maruti,Celerio,2018,131521,Diesel,309000
Maruti,Celerio,2018,119277,Diesel,263000
Maruti,Celerio,2018,24178,Diesel,356000
Maruti,Celerio,2018,41884,CNG,228000
Maruti,Celerio,2018,75093,CNG,251000
Maruti,Celerio,2018,156449,CNG,199000
Maruti,Celerio,2018,88245,CNG,227000
Maruti,Celerio,2018,159602,CNG,196000
Maruti,Celerio,2018,121938,CNG,216000
Maruti,Celerio,2018,115774,LPG,189000
Maruti,Celerio,2018,32992,LPG,286000
Maruti,Celerio,2018,173633,LPG,201000
Maruti,Celerio,2018,147529,LPG,208000
Maruti,Celerio,2018,59367,LPG,240000
Maruti,Celerio,2018,62898,LPG,237000
Maruti,Celerio,2019,121882,Petrol,290000
Maruti,Celerio,2019,27926,Petrol,353000
Maruti,Celerio,2019,84926,Petrol,344000
Maruti,Celerio,2019,101120,Petrol,357000
Maruti,Celerio,2019,127326,Petrol,258000
Maruti,Celerio,2019,25377,Petrol,331000
Maruti,Celerio,2019,28313,Diesel,432000
Maruti,Celerio,2019,100687,Diesel,372000
Maruti,Celerio,2019,148849,Diesel,262000
Maruti,Celerio,2019,150216,Diesel,304000
Maruti,Celerio,2019,178639,Diesel,244000
Maruti,Celerio,2019,95693,Diesel,383000
Maruti,Celerio,2019,113870,CNG,264000
Maruti,Celerio,2019,16486,CNG,339000
Maruti,Celerio,2019,160393,CNG,198000
Maruti,Celerio,2019,30158,CNG,297000
Maruti,Celerio,2019,58768,CNG,245000
Maruti,Celerio,2019,129403,CNG,210000
Maruti,Celerio,2019,31368,LPG,270000
Maruti,Celerio,2019,148821,LPG,203000
Maruti,Celerio,2019,76024,LPG,261000
Maruti,Celerio,2019,115489,LPG,255000
Maruti,Celerio,2019,165981,LPG,208000
Maruti,Celerio,2019,171479,LPG,201000
Maruti,Celerio,2020,162644,Petrol,324000
Maruti,Celerio,2020,73109,Petrol,315000
Maruti,Celerio,2020,74636,Petrol,385000
Maruti,Celerio,2020,83998,Petrol,399000
Maruti,Celerio,2020,95018,Petrol,296000
Maruti,Celerio,2020,40552,Petrol,400000
Maruti,Celerio,2020,108063,Diesel,316000
Maruti,Celerio,2020,168982,Diesel,347000
Maruti,Celerio,2020,27053,Diesel,468000
Maruti,Celerio,2020,59395,Diesel,392000
Maruti,Celerio,2020,121920,Diesel,333000
Maruti,Celerio,2020,100007,Diesel,349000
Maruti,Celerio,2020,88035,CNG,297000
Maruti,Celerio,2020,151791,CNG,239000
Maruti,Celerio,2020,16791,CNG,290000
Maruti,Celerio,2020,164962,CNG,194000
Maruti,Celerio,2020,24386,CNG,296000
Maruti,Celerio,2020,176523,CNG,211000
Maruti,Celerio,2020,162141,LPG,216000
Maruti,Celerio,2020,74609,LPG,253000
Maruti,Celerio,2020,137308,LPG,209000
Maruti,Celerio,2020,115699,LPG,221000
Maruti,Celerio,2020,158486,LPG,221000
Maruti,Celerio,2020,177884,LPG,197000
Maruti,Celerio,2021,60807,Petrol,392000
Maruti,Celerio,2021,160109,Petrol,272000
Maruti,Celerio,2021,56588,Petrol,384000
Maruti,Celerio,2021,58373,Petrol,438000
Maruti,Celerio,2021,69982,Petrol,371000
Maruti,Celerio,2021,34453,Petrol,367000
Maruti,Celerio,2021,115893,Diesel,345000
Maruti,Celerio,2021,102669,Diesel,398000
Maruti,Celerio,2021,63322,Diesel,434000
Maruti,Celerio,2021,178124,Diesel,348000
Maruti,Celerio,2021,21894,Diesel,461000
Maruti,Celerio,2021,14089,Diesel,474000
Maruti,Celerio,2021,123521,CNG,303000
Maruti,Celerio,2021,85066,CNG,304000
Maruti,Celerio,2021,153313,CNG,242000
Maruti,Celerio,2021,170809,CNG,230000
Maruti,Celerio,2021,33192,CNG,326000
Maruti,Celerio,2021,88136,CNG,267000
Maruti,Celerio,2021,165037,LPG,231000
Maruti,Celerio,2021,97857,LPG,247000
Maruti,Celerio,2021,30751,LPG,303000
Maruti,Celerio,2021,157369,LPG,233000
Maruti,Celerio,2021,23616,LPG,323000
Maruti,Celerio,2021,84336,LPG,311000
Maruti,Celerio,2022,61083,Petrol,412000
Maruti,Celerio,2022,47074,Petrol,392000
Maruti,Celerio,2022,168996,Petrol,290000
Maruti,Celerio,2022,136680,Petrol,327000
Maruti,Celerio,2022,94586,Petrol,383000
Maruti,Celerio,2022,172199,Petrol,353000
Maruti,Celerio,2022,64936,Diesel,410000
Maruti,Celerio,2022,70100,Diesel,418000
Maruti,Celerio,2022,160915,Diesel,325000
Maruti,Celerio,2022,174837,Diesel,304000
Maruti,Celerio,2022,167613,Diesel,354000
Maruti,Celerio,2022,150779,Diesel,401000
Maruti,Celerio,2022,120677,CNG,307000
Maruti,Celerio,2022,150978,CNG,280000
Maruti,Celerio,2022,166714,CNG,243000
Maruti,Celerio,2022,167421,CNG,242000
Maruti,Celerio,2022,118281,CNG,257000
Maruti,Celerio,2022,118922,CNG,305000
Maruti,Celerio,2022,75004,LPG,327000
Maruti,Celerio,2022,95259,LPG,304000
Maruti,Celerio,2022,84371,LPG,308000
Maruti,Celerio,2022,12858,LPG,318000
Maruti,Celerio,2022,78255,LPG,277000
Maruti,Celerio,2022,26670,LPG,367000
Maruti,Celerio,2023,135924,Petrol,372000
Maruti,Celerio,2023,155129,Petrol,370000
Maruti,Celerio,2023,13753,Petrol,507000
Maruti,Celerio,2023,152856,Petrol,383000
Maruti,Celerio,2023,87286,Petrol,450000
Maruti,Celerio,2023,134430,Petrol,347000
Maruti,Celerio,2023,19219,Diesel,541000
Maruti,Celerio,2023,93030,Diesel,530000
Maruti,Celerio,2023,25106,Diesel,543000
Maruti,Celerio,2023,48235,Diesel,447000
Maruti,Celerio,2023,117755,Diesel,499000
Maruti,Celerio,2023,140381,Diesel,413000
Maruti,Celerio,2023,44614,CNG,361000
Maruti,Celerio,2023,77158,CNG,337000
Maruti,Celerio,2023,91700,CNG,354000
Maruti,Celerio,2023,16727,CNG,432000
Maruti,Celerio,2023,172687,CNG,257000
Maruti,Celerio,2023,89426,CNG,299000
Maruti,Celerio,2023,104335,LPG,298000
Maruti,Celerio,2023,175114,LPG,296000
Maruti,Celerio,2023,160994,LPG,302000
Maruti,Celerio,2023,90388,LPG,289000
Maruti,Celerio,2023,176961,LPG,232000
Maruti,Celerio,2023,94703,LPG,308000
Maruti,Celerio,2024,174980,Petrol,388000
Maruti,Celerio,2024,105749,Petrol,397000
Maruti,Celerio,2024,25208,Petrol,507000
Maruti,Celerio,2024,101744,Petrol,469000
Maruti,Celerio,2024,89108,Petrol,506000
Maruti,Celerio,2024,178666,Petrol,384000
Maruti,Celerio,2024,140990,Diesel,386000
Maruti,Celerio,2024,178756,Diesel,383000
Maruti,Celerio,2024,97851,Diesel,422000
Maruti,Celerio,2024,83967,Diesel,460000
Maruti,Celerio,2024,59149,Diesel,513000
Maruti,Celerio,2024,130473,Diesel,410000
Maruti,Celerio,2024,39061,CNG,365000
Maruti,Celerio,2024,80540,CNG,407000
Maruti,Celerio,2024,29513,CNG,415000
Maruti,Celerio,2024,144497,CNG,344000
Maruti,Celerio,2024,141027,CNG,274000
Maruti,Celerio,2024,91280,CNG,400000
Maruti,Celerio,2024,165013,LPG,257000
Maruti,Celerio,2024,101754,LPG,307000
Maruti,Celerio,2024,50407,LPG,423000
Maruti,Celerio,2024,166771,LPG,312000
Maruti,Celerio,2024,46395,LPG,415000
Maruti,Celerio,2024,14453,LPG,406000
Maruti,Celerio,2025,65267,Petrol,595000
Maruti,Celerio,2025,163063,Petrol,380000
Maruti,Celerio,2025,120683,Petrol,421000
Maruti,Celerio,2025,65696,Petrol,494000
Maruti,Celerio,2025,125949,Petrol,503000
Maruti,Celerio,2025,53860,Petrol,517000
Maruti,Celerio,2025,152532,Diesel,516000
Maruti,Celerio,2025,124026,Diesel,527000
Maruti,Celerio,2025,103105,Diesel,517000
Maruti,Celerio,2025,112749,Diesel,572000
Maruti,Celerio,2025,55349,Diesel,629000
Maruti,Celerio,2025,39280,Diesel,664000
Maruti,Celerio,2025,16678,CNG,473000
Maruti,Celerio,2025,100311,CNG,381000
Maruti,Celerio,2025,29893,CNG,469000
Maruti,Celerio,2025,138242,CNG,375000
Maruti,Celerio,2025,77727,CNG,349000
Maruti,Celerio,2025,45024,CNG,399000
Maruti,Celerio,2025,137572,LPG,298000
Maruti,Celerio,2025,117680,LPG,308000
Maruti,Celerio,2025,61205,LPG,439000
Maruti,Celerio,2025,94641,LPG,418000
Maruti,Celerio,2025,111762,LPG,309000
Maruti,Celerio,2025,134598,LPG,322000
Maruti,WagonR,2015,104231,Petrol,266000
Maruti,WagonR,2015,101281,Petrol,215000
Maruti,WagonR,2015,86541,Petrol,273000
Maruti,WagonR,2015,173383,Petrol,183000
Maruti,WagonR,2015,41285,Petrol,241000
Maruti,WagonR,2015,78203,Petrol,278000
Maruti,WagonR,2015,126851,Diesel,250000
Maruti,WagonR,2015,39383,Diesel,314000
Maruti,WagonR,2015,125974,Diesel,234000
Maruti,WagonR,2015,4376,Diesel,351000
Maruti,WagonR,2015,7981,Diesel,290000
Maruti,WagonR,2015,42195,Diesel,294000
Maruti,WagonR,2015,162614,CNG,156000
Maruti,WagonR,2015,32146,CNG,231000
Maruti,WagonR,2015,65295,CNG,188000
Maruti,WagonR,2015,15517,CNG,205000
Maruti,WagonR,2015,170497,CNG,164000
Maruti,WagonR,2015,122829,CNG,151000
Maruti,WagonR,2015,134027,LPG,168000
Maruti,WagonR,2015,7308,LPG,228000
Maruti,WagonR,2015,153745,LPG,150000
Maruti,WagonR,2015,40637,LPG,193000
Maruti,WagonR,2015,3410,LPG,229000
Maruti,WagonR,2015,66062,LPG,198000
Maruti,WagonR,2016,52103,Petrol,302000
Maruti,WagonR,2016,25443,Petrol,307000
Maruti,WagonR,2016,97530,Petrol,226000
Maruti,WagonR,2016,140903,Petrol,234000
Maruti,WagonR,2016,136070,Petrol,238000
Maruti,WagonR,2016,105355,Petrol,281000
Maruti,WagonR,2016,14412,Diesel,350000
Maruti,WagonR,2016,100858,Diesel,257000
Maruti,WagonR,2016,7257,Diesel,328000
Maruti,WagonR,2016,20710,Diesel,318000
Maruti,WagonR,2016,175255,Diesel,234000
Maruti,WagonR,2016,155542,Diesel,255000
Maruti,WagonR,2016,90167,CNG,184000
Maruti,WagonR,2016,95353,CNG,206000
Maruti,WagonR,2016,171505,CNG,150000
Maruti,WagonR,2016,124798,CNG,214000
Maruti,WagonR,2016,128444,CNG,193000
Maruti,WagonR,2016,38350,CNG,202000
Maruti,WagonR,2016,122977,LPG,159000
Maruti,WagonR,2016,55845,LPG,188000
Maruti,WagonR,2016,55289,LPG,242000
Maruti,WagonR,2016,85731,LPG,228000
Maruti,WagonR,2016,138104,LPG,172000
Maruti,WagonR,2016,145352,LPG,172000
Maruti,WagonR,2017,12599,Petrol,367000
Maruti,WagonR,2017,53096,Petrol,294000
Maruti,WagonR,2017,15531,Petrol,376000
Maruti,WagonR,2017,90012,Petrol,268000
Maruti,WagonR,2017,99474,Petrol,276000
Maruti,WagonR,2017,107863,Petrol,294000
Maruti,WagonR,2017,104356,Diesel,285000
Maruti,WagonR,2017,51973,Diesel,339000
Maruti,WagonR,2017,133422,Diesel,267000
Maruti,WagonR,2017,139125,Diesel,255000
Maruti,WagonR,2017,24656,Diesel,384000
Maruti,WagonR,2017,23690,Diesel,353000
Maruti,WagonR,2017,50305,CNG,249000
Maruti,WagonR,2017,87203,CNG,200000
Maruti,WagonR,2017,88962,CNG,235000
Maruti,WagonR,2017,83346,CNG,224000
Maruti,WagonR,2017,114703,CNG,190000
Maruti,WagonR,2017,119367,CNG,199000
Maruti,WagonR,2017,14103,LPG,276000
Maruti,WagonR,2017,95421,LPG,223000
Maruti,WagonR,2017,117017,LPG,191000
Maruti,WagonR,2017,18036,LPG,225000
Maruti,WagonR,2017,170120,LPG,171000
Maruti,WagonR,2017,137502,LPG,210000
Maruti,WagonR,2018,44939,Petrol,392000
Maruti,WagonR,2018,40428,Petrol,385000
Maruti,WagonR,2018,117864,Petrol,252000
Maruti,WagonR,2018,20624,Petrol,337000
Maruti,WagonR,2018,172125,Petrol,240000
Maruti,WagonR,2018,103362,Petrol,342000
Maruti,WagonR,2018,11489,Diesel,414000
Maruti,WagonR,2018,120944,Diesel,352000
Maruti,WagonR,2018,100521,Diesel,323000
Maruti,WagonR,2018,23155,Diesel,401000
Maruti,WagonR,2018,141794,Diesel,283000
Maruti,WagonR,2018,85414,Diesel,356000
Maruti,WagonR,2018,68434,CNG,291000
Maruti,WagonR,2018,9793,CNG,311000
Maruti,WagonR,2018,133821,CNG,219000
Maruti,WagonR,2018,150239,CNG,185000
Maruti,WagonR,2018,71233,CNG,270000
Maruti,WagonR,2018,59248,CNG,300000
Maruti,WagonR,2018,77862,LPG,258000
Maruti,WagonR,2018,131765,LPG,194000
Maruti,WagonR,2018,38580,LPG,294000
Maruti,WagonR,2018,121500,LPG,198000
Maruti,WagonR,2018,119683,LPG,252000
Maruti,WagonR,2018,86778,LPG,251000
Maruti,WagonR,2019,20023,Petrol,401000
Maruti,WagonR,2019,79116,Petrol,387000
Maruti,WagonR,2019,44289,Petrol,399000
Maruti,WagonR,2019,170169,Petrol,246000
Maruti,WagonR,2019,97763,Petrol,332000
Maruti,WagonR,2019,34814,Petrol,438000
Maruti,WagonR,2019,39405,Diesel,379000
Maruti,WagonR,2019,132504,Diesel,282000
Maruti,WagonR,2019,148233,Diesel,320000
Maruti,WagonR,2019,125527,Diesel,363000
Maruti,WagonR,2019,147610,Diesel,280000
Maruti,WagonR,2019,25600,Diesel,369000
Maruti,WagonR,2019,107375,CNG,289000
Maruti,WagonR,2019,128479,CNG,241000
Maruti,WagonR,2019,110330,CNG,274000
Maruti,WagonR,2019,22333,CNG,274000
Maruti,WagonR,2019,86106,CNG,277000
Maruti,WagonR,2019,120958,CNG,241000
Maruti,WagonR,2019,138622,LPG,216000
Maruti,WagonR,2019,147520,LPG,230000
Maruti,WagonR,2019,50700,LPG,303000
Maruti,WagonR,2019,36825,LPG,285000
Maruti,WagonR,2019,17526,LPG,331000
Maruti,WagonR,2019,138817,LPG,203000
Maruti,WagonR,2020,46163,Petrol,364000
Maruti,WagonR,2020,62105,Petrol,372000
Maruti,WagonR,2020,139025,Petrol,358000
Maruti,WagonR,2020,23672,Petrol,393000
Maruti,WagonR,2020,169476,Petrol,333000
Maruti,WagonR,2020,74945,Petrol,337000
Maruti,WagonR,2020,82383,Diesel,415000
Maruti,WagonR,2020,27491,Diesel,454000
Maruti,WagonR,2020,47206,Diesel,447000
Maruti,WagonR,2020,155212,Diesel,298000
Maruti,WagonR,2020,175682,Diesel,323000
Maruti,WagonR,2020,161633,Diesel,310000
Maruti,WagonR,2020,150749,CNG,210000
Maruti,WagonR,2020,10437,CNG,298000
Maruti,WagonR,2020,171153,CNG,246000
Maruti,WagonR,2020,72377,CNG,310000
Maruti,WagonR,2020,152982,CNG,235000
Maruti,WagonR,2020,170507,CNG,197000
Maruti,WagonR,2020,167407,LPG,228000
Maruti,WagonR,2020,171272,LPG,252000
Maruti,WagonR,2020,129601,LPG,232000
Maruti,WagonR,2020,109454,LPG,249000
Maruti,WagonR,2020,22129,LPG,341000
Maruti,WagonR,2020,44439,LPG,303000
Maruti,WagonR,2021,129943,Petrol,351000
Maruti,WagonR,2021,92179,Petrol,403000
Maruti,WagonR,2021,84941,Petrol,439000
Maruti,WagonR,2021,86706,Petrol,423000
Maruti,WagonR,2021,93536,Petrol,443000
Maruti,WagonR,2021,37279,Petrol,477000
Maruti,WagonR,2021,137998,Diesel,381000
Maruti,WagonR,2021,86654,Diesel,395000
Maruti,WagonR,2021,35118,Diesel,448000
Maruti,WagonR,2021,67990,Diesel,400000
Maruti,WagonR,2021,16265,Diesel,470000
Maruti,WagonR,2021,103702,Diesel,453000
Maruti,WagonR,2021,112611,CNG,268000
Maruti,WagonR,2021,44864,CNG,371000
Maruti,WagonR,2021,154437,CNG,275000
Maruti,WagonR,2021,52763,CNG,360000
Maruti,WagonR,2021,133617,CNG,313000
Maruti,WagonR,2021,125372,CNG,280000
Maruti,WagonR,2021,83882,LPG,303000
Maruti,WagonR,2021,26605,LPG,389000
Maruti,WagonR,2021,135499,LPG,262000
Maruti,WagonR,2021,66105,LPG,290000
Maruti,WagonR,2021,95509,LPG,256000
Maruti,WagonR,2021,76755,LPG,308000
Maruti,WagonR,2022,174510,Petrol,352000
Maruti,WagonR,2022,77907,Petrol,439000
Maruti,WagonR,2022,31179,Petrol,472000
Maruti,WagonR,2022,72329,Petrol,469000
Maruti,WagonR,2022,108710,Petrol,387000
Maruti,WagonR,2022,108010,Petrol,350000
Maruti,WagonR,2022,150276,Diesel,354000
Maruti,WagonR,2022,148024,Diesel,367000
Maruti,WagonR,2022,104279,Diesel,440000
Maruti,WagonR,2022,147141,Diesel,367000
Maruti,WagonR,2022,166379,Diesel,390000
Maruti,WagonR,2022,34145,Diesel,461000
Maruti,WagonR,2022,28344,CNG,367000
Maruti,WagonR,2022,91889,CNG,333000
Maruti,WagonR,2022,98841,CNG,346000
Maruti,WagonR,2022,55181,CNG,367000
Maruti,WagonR,2022,108221,CNG,314000
Maruti,WagonR,2022,14876,CNG,337000
Maruti,WagonR,2022,90304,LPG,349000
Maruti,WagonR,2022,139139,LPG,278000
Maruti,WagonR,2022,161927,LPG,294000
Maruti,WagonR,2022,39642,LPG,342000
Maruti,WagonR,2022,163712,LPG,249000
Maruti,WagonR,2022,106010,LPG,352000
Maruti,WagonR,2023,81442,Petrol,474000
Maruti,WagonR,2023,135989,Petrol,439000
Maruti,WagonR,2023,142549,Petrol,392000
Maruti,WagonR,2023,150567,Petrol,362000
Maruti,WagonR,2023,7361,Petrol,522000
Maruti,WagonR,2023,179634,Petrol,313000
Maruti,WagonR,2023,112193,Diesel,472000
Maruti,WagonR,2023,167956,Diesel,340000
Maruti,WagonR,2023,127410,Diesel,413000
Maruti,WagonR,2023,174859,Diesel,419000
Maruti,WagonR,2023,154643,Diesel,420000
Maruti,WagonR,2023,16462,Diesel,589000
Maruti,WagonR,2023,47698,CNG,391000
Maruti,WagonR,2023,165460,CNG,310000
Maruti,WagonR,2023,102664,CNG,306000
Maruti,WagonR,2023,66490,CNG,322000
Maruti,WagonR,2023,31808,CNG,366000
Maruti,WagonR,2023,118615,CNG,310000
Maruti,WagonR,2023,42696,LPG,373000
Maruti,WagonR,2023,56448,LPG,362000
Maruti,WagonR,2023,163295,LPG,316000
Maruti,WagonR,2023,19326,LPG,426000
Maruti,WagonR,2023,138969,LPG,276000
Maruti,WagonR,2023,88209,LPG,395000
Maruti,WagonR,2024,128402,Petrol,440000
Maruti,WagonR,2024,85248,Petrol,553000
Maruti,WagonR,2024,123498,Petrol,496000
Maruti,WagonR,2024,92738,Petrol,486000
Maruti,WagonR,2024,171639,Petrol,421000
Maruti,WagonR,2024,72300,Petrol,519000
Maruti,WagonR,2024,53400,Diesel,643000
Maruti,WagonR,2024,76139,Diesel,548000
Maruti,WagonR,2024,61947,Diesel,628000
Maruti,WagonR,2024,81017,Diesel,575000
Maruti,WagonR,2024,57336,Diesel,594000
Maruti,WagonR,2024,131189,Diesel,444000
Maruti,WagonR,2024,94436,CNG,379000
Maruti,WagonR,2024,74685,CNG,366000
Maruti,WagonR,2024,153333,CNG,335000
Maruti,WagonR,2024,102534,CNG,407000
Maruti,WagonR,2024,106424,CNG,395000
Maruti,WagonR,2024,41397,CNG,395000
Maruti,WagonR,2024,78400,LPG,427000
Maruti,WagonR,2024,23717,LPG,407000
Maruti,WagonR,2024,118966,LPG,356000
Maruti,WagonR,2024,128587,LPG,304000
Maruti,WagonR,2024,144184,LPG,297000
Maruti,WagonR,2024,150329,LPG,331000
Maruti,WagonR,2025,38985,Petrol,513000
Maruti,WagonR,2025,156834,Petrol,398000
Maruti,WagonR,2025,16307,Petrol,637000
Maruti,WagonR,2025,142209,Petrol,413000
Maruti,WagonR,2025,64036,Petrol,476000
Maruti,WagonR,2025,111344,Petrol,463000
Maruti,WagonR,2025,126837,Diesel,447000
Maruti,WagonR,2025,39036,Diesel,535000
Maruti,WagonR,2025,147271,Diesel,544000
Maruti,WagonR,2025,44403,Diesel,601000
Maruti,WagonR,2025,127701,Diesel,501000
Maruti,WagonR,2025,55286,Diesel,647000
Maruti,WagonR,2025,78299,CNG,391000
Maruti,WagonR,2025,172318,CNG,279000
Maruti,WagonR,2025,26451,CNG,484000
Maruti,WagonR,2025,63875,CNG,431000
Maruti,WagonR,2025,12777,CNG,534000
Maruti,WagonR,2025,48892,CNG,431000
Maruti,WagonR,2025,49081,LPG,484000
Maruti,WagonR,2025,12526,LPG,532000
Maruti,WagonR,2025,107069,LPG,406000
Maruti,WagonR,2025,51840,LPG,482000
Maruti,WagonR,2025,78882,LPG,446000
Maruti,WagonR,2025,5429,LPG,444000
Hyundai,Creta,2015,161015,Petrol,370000
Hyundai,Creta,2015,90829,Petrol,473000
Hyundai,Creta,2015,171116,Petrol,411000
Hyundai,Creta,2015,132476,Petrol,504000
Hyundai,Creta,2015,38179,Petrol,628000
Hyundai,Creta,2015,125688,Petrol,431000
Hyundai,Creta,2015,32529,Diesel,592000
Hyundai,Creta,2015,123301,Diesel,523000
Hyundai,Creta,2015,51810,Diesel,512000
Hyundai,Creta,2015,91371,Diesel,590000
Hyundai,Creta,2015,151840,Diesel,487000
Hyundai,Creta,2015,53636,Diesel,538000
Hyundai,Creta,2015,170438,CNG,354000
Hyundai,Creta,2015,115119,CNG,372000
Hyundai,Creta,2015,25737,CNG,443000
Hyundai,Creta,2015,28004,CNG,412000
Hyundai,Creta,2015,39860,CNG,440000
Hyundai,Creta,2015,68024,CNG,356000
Hyundai,Creta,2015,103551,LPG,343000
Hyundai,Creta,2015,72990,LPG,453000
Hyundai,Creta,2015,82153,LPG,401000
Hyundai,Creta,2015,153176,LPG,279000
Hyundai,Creta,2015,174359,LPG,293000
Hyundai,Creta,2015,64945,LPG,356000
Hyundai,Creta,2016,33991,Petrol,623000
Hyundai,Creta,2016,44868,Petrol,597000
Hyundai,Creta,2016,134732,Petrol,554000
Hyundai,Creta,2016,84521,Petrol,592000
Hyundai,Creta,2016,170434,Petrol,499000
Hyundai,Creta,2016,80342,Petrol,545000
Hyundai,Creta,2016,60894,Diesel,588000
Hyundai,Creta,2016,38014,Diesel,669000
Hyundai,Creta,2016,122269,Diesel,590000
Hyundai,Creta,2016,161790,Diesel,475000
Hyundai,Creta,2016,146978,Diesel,576000
Hyundai,Creta,2016,143907,Diesel,565000
Hyundai,Creta,2016,60255,CNG,498000
Hyundai,Creta,2016,159189,CNG,398000
Hyundai,Creta,2016,24461,CNG,504000
Hyundai,Creta,2016,141457,CNG,400000
Hyundai,Creta,2016,23474,CNG,563000
Hyundai,Creta,2016,32414,CNG,429000
Hyundai,Creta,2016,146562,LPG,405000
Hyundai,Creta,2016,55994,LPG,465000
Hyundai,Creta,2016,42282,LPG,424000
Hyundai,Creta,2016,139404,LPG,364000
Hyundai,Creta,2016,56844,LPG,483000
Hyundai,Creta,2016,131143,LPG,333000
Hyundai,Creta,2017,136791,Petrol,526000
Hyundai,Creta,2017,17584,Petrol,700000
Hyundai,Creta,2017,137544,Petrol,520000
Hyundai,Creta,2017,150825,Petrol,448000
Hyundai,Creta,2017,124209,Petrol,581000
Hyundai,Creta,2017,83784,Petrol,652000
Hyundai,Creta,2017,106795,Diesel,580000
Hyundai,Creta,2017,3790,Diesel,845000
Hyundai,Creta,2017,154600,Diesel,481000
Hyundai,Creta,2017,114069,Diesel,586000
Hyundai,Creta,2017,19714,Diesel,773000
Hyundai,Creta,2017,18795,Diesel,862000
Hyundai,Creta,2017,21092,CNG,628000
Hyundai,Creta,2017,126750,CNG,370000
Hyundai,Creta,2017,110182,CNG,406000
Hyundai,Creta,2017,38501,CNG,571000
Hyundai,Creta,2017,172313,CNG,427000
Hyundai,Creta,2017,101162,CNG,524000
Hyundai,Creta,2017,103264,LPG,437000
Hyundai,Creta,2017,101958,LPG,429000
Hyundai,Creta,2017,176484,LPG,401000
Hyundai,Creta,2017,37862,LPG,540000
Hyundai,Creta,2017,94165,LPG,404000
Hyundai,Creta,2017,143839,LPG,386000
Hyundai,Creta,2018,36383,Petrol,790000
Hyundai,Creta,2018,61376,Petrol,770000
Hyundai,Creta,2018,8959,Petrol,895000
Hyundai,Creta,2018,124373,Petrol,631000
Hyundai,Creta,2018,145723,Petrol,554000
Hyundai,Creta,2018,102425,Petrol,696000
Hyundai,Creta,2018,67883,Diesel,738000
Hyundai,Creta,2018,43664,Diesel,737000
Hyundai,Creta,2018,32581,Diesel,697000
Hyundai,Creta,2018,176066,Diesel,546000
Hyundai,Creta,2018,7101,Diesel,787000
Hyundai,Creta,2018,20639,Diesel,732000
Hyundai,Creta,2018,11801,CNG,599000
Hyundai,Creta,2018,179166,CNG,424000
Hyundai,Creta,2018,15760,CNG,559000
Hyundai,Creta,2018,14596,CNG,588000
Hyundai,Creta,2018,64430,CNG,550000
Hyundai,Creta,2018,17796,CNG,538000
Hyundai,Creta,2018,78828,LPG,472000
Hyundai,Creta,2018,154023,LPG,398000
Hyundai,Creta,2018,159740,LPG,446000
Hyundai,Creta,2018,87060,LPG,463000
Hyundai,Creta,2018,40554,LPG,637000
Hyundai,Creta,2018,139642,LPG,402000
Hyundai,Creta,2019,81774,Petrol,677000
Hyundai,Creta,2019,148940,Petrol,687000
Hyundai,Creta,2019,48910,Petrol,810000
Hyundai,Creta,2019,114988,Petrol,677000
Hyundai,Creta,2019,15290,Petrol,955000
Hyundai,Creta,2019,171641,Petrol,597000
Hyundai,Creta,2019,140484,Diesel,637000
Hyundai,Creta,2019,112137,Diesel,706000
Hyundai,Creta,2019,81613,Diesel,754000
Hyundai,Creta,2019,144014,Diesel,660000
Hyundai,Creta,2019,62072,Diesel,771000
Hyundai,Creta,2019,40840,Diesel,935000
Hyundai,Creta,2019,18105,CNG,663000
Hyundai,Creta,2019,112185,CNG,532000
Hyundai,Creta,2019,38151,CNG,603000
Hyundai,Creta,2019,69845,CNG,531000
Hyundai,Creta,2019,172530,CNG,388000
Hyundai,Creta,2019,120908,CNG,564000
Hyundai,Creta,2019,27238,LPG,628000
Hyundai,Creta,2019,52933,LPG,511000
Hyundai,Creta,2019,101872,LPG,550000
Hyundai,Creta,2019,161052,LPG,386000
Hyundai,Creta,2019,22079,LPG,572000
Hyundai,Creta,2019,157031,LPG,481000
Hyundai,Creta,2020,149499,Petrol,601000
Hyundai,Creta,2020,57759,Petrol,915000
Hyundai,Creta,2020,90284,Petrol,722000
Hyundai,Creta,2020,7019,Petrol,844000
Hyundai,Creta,2020,52813,Petrol,948000
Hyundai,Creta,2020,33753,Petrol,934000
Hyundai,Creta,2020,128546,Diesel,840000
Hyundai,Creta,2020,161440,Diesel,724000
Hyundai,Creta,2020,106974,Diesel,889000
Hyundai,Creta,2020,147724,Diesel,674000
Hyundai,Creta,2020,77202,Diesel,824000
Hyundai,Creta,2020,142893,Diesel,752000
Hyundai,Creta,2020,83851,CNG,564000
Hyundai,Creta,2020,137431,CNG,587000
Hyundai,Creta,2020,125160,CNG,483000
Hyundai,Creta,2020,126074,CNG,587000
Hyundai,Creta,2020,86947,CNG,675000
Hyundai,Creta,2020,100178,CNG,551000
Hyundai,Creta,2020,14984,LPG,701000
Hyundai,Creta,2020,61005,LPG,667000
Hyundai,Creta,2020,7251,LPG,651000
Hyundai,Creta,2020,156100,LPG,500000
Hyundai,Creta,2020,112465,LPG,518000
Hyundai,Creta,2020,54430,LPG,601000
Hyundai,Creta,2021,102572,Petrol,816000
Hyundai,Creta,2021,67416,Petrol,870000
Hyundai,Creta,2021,174601,Petrol,739000
Hyundai,Creta,2021,91490,Petrol,764000
Hyundai,Creta,2021,131089,Petrol,843000
Hyundai,Creta,2021,171216,Petrol,708000
Hyundai,Creta,2021,123803,Diesel,738000
Hyundai,Creta,2021,95320,Diesel,794000
Hyundai,Creta,2021,146273,Diesel,766000
Hyundai,Creta,2021,145117,Diesel,881000
Hyundai,Creta,2021,18396,Diesel,1054000
Hyundai,Creta,2021,22485,Diesel,1172000
Hyundai,Creta,2021,178168,CNG,439000
Hyundai,Creta,2021,4673,CNG,757000
Hyundai,Creta,2021,168334,CNG,480000
Hyundai,Creta,2021,42591,CNG,615000
Hyundai,Creta,2021,135574,CNG,564000
Hyundai,Creta,2021,18846,CNG,781000
Hyundai,Creta,2021,177785,LPG,555000
Hyundai,Creta,2021,129669,LPG,592000
Hyundai,Creta,2021,7123,LPG,645000
Hyundai,Creta,2021,147610,LPG,525000
Hyundai,Creta,2021,7384,LPG,760000
Hyundai,Creta,2021,75021,LPG,656000
Hyundai,Creta,2022,78153,Petrol,783000
Hyundai,Creta,2022,179693,Petrol,678000
Hyundai,Creta,2022,49993,Petrol,861000
Hyundai,Creta,2022,28248,Petrol,1026000
Hyundai,Creta,2022,66168,Petrol,853000
Hyundai,Creta,2022,141007,Petrol,719000
Hyundai,Creta,2022,95914,Diesel,879000
Hyundai,Creta,2022,107044,Diesel,804000
Hyundai,Creta,2022,109437,Diesel,900000
Hyundai,Creta,2022,66755,Diesel,1155000
Hyundai,Creta,2022,62207,Diesel,962000
Hyundai,Creta,2022,24133,Diesel,1160000
Hyundai,Creta,2022,173365,CNG,592000
Hyundai,Creta,2022,27510,CNG,774000
Hyundai,Creta,2022,101872,CNG,681000
Hyundai,Creta,2022,17710,CNG,845000
Hyundai,Creta,2022,47927,CNG,669000
Hyundai,Creta,2022,116746,CNG,673000
Hyundai,Creta,2022,89840,LPG,686000
Hyundai,Creta,2022,27998,LPG,864000
Hyundai,Creta,2022,14154,LPG,735000
Hyundai,Creta,2022,151579,LPG,568000
Hyundai,Creta,2022,15205,LPG,894000
Hyundai,Creta,2022,76498,LPG,776000
Hyundai,Creta,2023,150720,Petrol,845000
Hyundai,Creta,2023,50016,Petrol,1171000
Hyundai,Creta,2023,85440,Petrol,823000
Hyundai,Creta,2023,57305,Petrol,1050000
Hyundai,Creta,2023,107410,Petrol,1021000
Hyundai,Creta,2023,81453,Petrol,873000
Hyundai,Creta,2023,66038,Diesel,1105000
Hyundai,Creta,2023,105015,Diesel,1037000
Hyundai,Creta,2023,144705,Diesel,844000
Hyundai,Creta,2023,39687,Diesel,1247000
Hyundai,Creta,2023,23559,Diesel,1190000
Hyundai,Creta,2023,93664,Diesel,883000
Hyundai,Creta,2023,117580,CNG,636000
Hyundai,Creta,2023,22927,CNG,821000
Hyundai,Creta,2023,163921,CNG,687000
Hyundai,Creta,2023,106993,CNG,806000
Hyundai,Creta,2023,88557,CNG,641000
Hyundai,Creta,2023,74651,CNG,831000
Hyundai,Creta,2023,121109,LPG,664000
Hyundai,Creta,2023,96273,LPG,721000
Hyundai,Creta,2023,101415,LPG,687000
Hyundai,Creta,2023,156583,LPG,632000
Hyundai,Creta,2023,25464,LPG,900000
Hyundai,Creta,2023,80431,LPG,801000
Hyundai,Creta,2024,22269,Petrol,1037000
Hyundai,Creta,2024,43428,Petrol,1089000
Hyundai,Creta,2024,169173,Petrol,735000
Hyundai,Creta,2024,105137,Petrol,924000
Hyundai,Creta,2024,30931,Petrol,1021000
Hyundai,Creta,2024,83810,Petrol,1012000
Hyundai,Creta,2024,73717,Diesel,1006000
Hyundai,Creta,2024,25884,Diesel,1150000
Hyundai,Creta,2024,120661,Diesel,1029000
Hyundai,Creta,2024,137333,Diesel,942000
Hyundai,Creta,2024,9884,Diesel,1152000
Hyundai,Creta,2024,148285,Diesel,827000
Hyundai,Creta,2024,159773,CNG,710000
Hyundai,Creta,2024,103987,CNG,655000
Hyundai,Creta,2024,111477,CNG,724000
Hyundai,Creta,2024,25203,CNG,975000
Hyundai,Creta,2024,149679,CNG,755000
Hyundai,Creta,2024,66633,CNG,853000
Hyundai,Creta,2024,47455,LPG,896000
Hyundai,Creta,2024,47433,LPG,761000
Hyundai,Creta,2024,81939,LPG,732000
Hyundai,Creta,2024,41255,LPG,752000
Hyundai,Creta,2024,116947,LPG,672000
Hyundai,Creta,2024,81578,LPG,782000
Hyundai,Creta,2025,23164,Petrol,1205000
Hyundai,Creta,2025,67642,Petrol,1212000
Hyundai,Creta,2025,132971,Petrol,993000
Hyundai,Creta,2025,54261,Petrol,1160000
Hyundai,Creta,2025,38517,Petrol,1147000
Hyundai,Creta,2025,106728,Petrol,985000
Hyundai,Creta,2025,165579,Diesel,918000
Hyundai,Creta,2025,89387,Diesel,1148000
Hyundai,Creta,2025,115883,Diesel,1193000
Hyundai,Creta,2025,173665,Diesel,1057000
Hyundai,Creta,2025,38684,Diesel,1236000
Hyundai,Creta,2025,161128,Diesel,1090000
Hyundai,Creta,2025,55652,CNG,908000
Hyundai,Creta,2025,49566,CNG,1051000
Hyundai,Creta,2025,86660,CNG,798000
Hyundai,Creta,2025,168911,CNG,679000
Hyundai,Creta,2025,153963,CNG,769000
Hyundai,Creta,2025,88429,CNG,815000
Hyundai,Creta,2025,106005,LPG,758000
Hyundai,Creta,2025,150810,LPG,638000
Hyundai,Creta,2025,146033,LPG,643000
Hyundai,Creta,2025,147205,LPG,609000
Hyundai,Creta,2025,124011,LPG,850000
Hyundai,Creta,2025,57958,LPG,869000
Hyundai,i20,2015,79370,Petrol,412000
Hyundai,i20,2015,21129,Petrol,467000
Hyundai,i20,2015,110254,Petrol,365000
Hyundai,i20,2015,39484,Petrol,427000
Hyundai,i20,2015,66444,Petrol,359000
Hyundai,i20,2015,43407,Petrol,433000
Hyundai,i20,2015,101825,Diesel,336000
Hyundai,i20,2015,159744,Diesel,326000
Hyundai,i20,2015,108068,Diesel,382000
Hyundai,i20,2015,112655,Diesel,378000
Hyundai,i20,2015,97248,Diesel,411000
Hyundai,i20,2015,143746,Diesel,353000
Hyundai,i20,2015,25277,CNG,293000
Hyundai,i20,2015,68072,CNG,314000
Hyundai,i20,2015,96063,CNG,254000
Hyundai,i20,2015,163609,CNG,203000
Hyundai,i20,2015,172091,CNG,240000
Hyundai,i20,2015,107757,CNG,310000
Hyundai,i20,2015,89926,LPG,316000
Hyundai,i20,2015,115841,LPG,231000
Hyundai,i20,2015,28849,LPG,297000
Hyundai,i20,2015,136870,LPG,264000
Hyundai,i20,2015,149274,LPG,243000
Hyundai,i20,2015,153794,LPG,216000
Hyundai,i20,2016,101073,Petrol,377000
Hyundai,i20,2016,157295,Petrol,353000
Hyundai,i20,2016,42516,Petrol,427000
Hyundai,i20,2016,9438,Petrol,477000
Hyundai,i20,2016,80445,Petrol,400000
Hyundai,i20,2016,25506,Petrol,412000
Hyundai,i20,2016,40139,Diesel,464000
Hyundai,i20,2016,92932,Diesel,424000
Hyundai,i20,2016,57229,Diesel,470000
Hyundai,i20,2016,94304,Diesel,425000
Hyundai,i20,2016,117862,Diesel,429000
Hyundai,i20,2016,121606,Diesel,378000
Hyundai,i20,2016,81712,CNG,276000
Hyundai,i20,2016,33168,CNG,306000
Hyundai,i20,2016,92935,CNG,324000
Hyundai,i20,2016,46084,CNG,389000
Hyundai,i20,2016,66940,CNG,332000
Hyundai,i20,2016,147679,CNG,242000
Hyundai,i20,2016,149761,LPG,254000
Hyundai,i20,2016,124124,LPG,257000
Hyundai,i20,2016,109180,LPG,301000
Hyundai,i20,2016,51860,LPG,346000
Hyundai,i20,2016,116281,LPG,276000
Hyundai,i20,2016,163984,LPG,277000
Hyundai,i20,2017,120853,Petrol,415000
Hyundai,i20,2017,104930,Petrol,360000
Hyundai,i20,2017,59307,Petrol,429000
Hyundai,i20,2017,19400,Petrol,523000
Hyundai,i20,2017,143742,Petrol,345000
Hyundai,i20,2017,88454,Petrol,400000
Hyundai,i20,2017,32872,Diesel,500000
Hyundai,i20,2017,131315,Diesel,428000
Hyundai,i20,2017,170538,Diesel,358000
Hyundai,i20,2017,104879,Diesel,469000
Hyundai,i20,2017,156879,Diesel,350000
Hyundai,i20,2017,95270,Diesel,512000
Hyundai,i20,2017,164837,CNG,252000
Hyundai,i20,2017,179577,CNG,282000
Hyundai,i20,2017,80973,CNG,391000
Hyundai,i20,2017,157709,CNG,250000
Hyundai,i20,2017,38113,CNG,363000
Hyundai,i20,2017,65540,CNG,341000
Hyundai,i20,2017,50984,LPG,350000
Hyundai,i20,2017,40056,LPG,374000
Hyundai,i20,2017,112638,LPG,322000
Hyundai,i20,2017,153681,LPG,271000
Hyundai,i20,2017,51694,LPG,362000
Hyundai,i20,2017,143870,LPG,305000
Hyundai,i20,2018,172151,Petrol,427000
Hyundai,i20,2018,48412,Petrol,531000
Hyundai,i20,2018,131356,Petrol,400000
Hyundai,i20,2018,52046,Petrol,490000
Hyundai,i20,2018,121227,Petrol,454000
Hyundai,i20,2018,97119,Petrol,528000
Hyundai,i20,2018,130037,Diesel,413000
Hyundai,i20,2018,103648,Diesel,562000
Hyundai,i20,2018,135497,Diesel,476000
Hyundai,i20,2018,110252,Diesel,513000
Hyundai,i20,2018,111955,Diesel,515000
Hyundai,i20,2018,119353,Diesel,474000
Hyundai,i20,2018,24671,CNG,437000
Hyundai,i20,2018,60810,CNG,372000
Hyundai,i20,2018,75051,CNG,353000
Hyundai,i20,2018,78673,CNG,344000
Hyundai,i20,2018,122884,CNG,347000
Hyundai,i20,2018,132843,CNG,336000
Hyundai,i20,2018,32677,LPG,420000
Hyundai,i20,2018,73225,LPG,405000
Hyundai,i20,2018,99170,LPG,357000
Hyundai,i20,2018,13907,LPG,460000
Hyundai,i20,2018,118701,LPG,340000
Hyundai,i20,2018,114451,LPG,300000
Hyundai,i20,2019,174356,Petrol,438000
Hyundai,i20,2019,81042,Petrol,582000
Hyundai,i20,2019,11449,Petrol,603000
Hyundai,i20,2019,94377,Petrol,562000
Hyundai,i20,2019,25802,Petrol,584000
Hyundai,i20,2019,33772,Petrol,631000
Hyundai,i20,2019,65113,Diesel,539000
Hyundai,i20,2019,157120,Diesel,490000
Hyundai,i20,2019,162976,Diesel,474000
Hyundai,i20,2019,46511,Diesel,634000
Hyundai,i20,2019,57164,Diesel,654000
Hyundai,i20,2019,18560,Diesel,665000
Hyundai,i20,2019,142534,CNG,327000
Hyundai,i20,2019,144234,CNG,314000
Hyundai,i20,2019,79712,CNG,386000
Hyundai,i20,2019,73082,CNG,472000
Hyundai,i20,2019,137850,CNG,404000
Hyundai,i20,2019,27962,CNG,412000
Hyundai,i20,2019,110897,LPG,416000
Hyundai,i20,2019,75698,LPG,447000
Hyundai,i20,2019,36262,LPG,468000
Hyundai,i20,2019,37784,LPG,408000
Hyundai,i20,2019,87435,LPG,431000
Hyundai,i20,2019,105944,LPG,374000
Hyundai,i20,2020,154368,Petrol,486000
Hyundai,i20,2020,167577,Petrol,438000
Hyundai,i20,2020,121486,Petrol,449000
Hyundai,i20,2020,27404,Petrol,621000
Hyundai,i20,2020,75935,Petrol,606000
Hyundai,i20,2020,99749,Petrol,534000
Hyundai,i20,2020,130937,Diesel,512000
Hyundai,i20,2020,3648,Diesel,803000
Hyundai,i20,2020,27416,Diesel,737000
Hyundai,i20,2020,123179,Diesel,572000
Hyundai,i20,2020,96905,Diesel,649000
Hyundai,i20,2020,143096,Diesel,506000
Hyundai,i20,2020,115628,CNG,444000
Hyundai,i20,2020,132686,CNG,361000
Hyundai,i20,2020,77342,CNG,425000
Hyundai,i20,2020,154501,CNG,325000
Hyundai,i20,2020,130228,CNG,423000
Hyundai,i20,2020,15690,CNG,443000
Hyundai,i20,2020,167149,LPG,370000
Hyundai,i20,2020,123476,LPG,333000
Hyundai,i20,2020,44414,LPG,460000
Hyundai,i20,2020,3177,LPG,584000
Hyundai,i20,2020,115145,LPG,361000
Hyundai,i20,2020,37580,LPG,528000
Hyundai,i20,2021,82132,Petrol,548000
Hyundai,i20,2021,74832,Petrol,546000
Hyundai,i20,2021,97485,Petrol,543000
Hyundai,i20,2021,100476,Petrol,610000
Hyundai,i20,2021,173108,Petrol,430000
Hyundai,i20,2021,106898,Petrol,593000
Hyundai,i20,2021,64379,Diesel,671000
Hyundai,i20,2021,26907,Diesel,788000
Hyundai,i20,2021,3284,Diesel,716000
Hyundai,i20,2021,23431,Diesel,669000
Hyundai,i20,2021,62294,Diesel,692000
Hyundai,i20,2021,119671,Diesel,513000
Hyundai,i20,2021,93065,CNG,505000
Hyundai,i20,2021,113707,CNG,464000
Hyundai,i20,2021,128226,CNG,369000
Hyundai,i20,2021,103419,CNG,397000
Hyundai,i20,2021,29850,CNG,472000
Hyundai,i20,2021,99354,CNG,505000
Hyundai,i20,2021,38947,LPG,493000
Hyundai,i20,2021,37903,LPG,532000
Hyundai,i20,2021,40448,LPG,445000
Hyundai,i20,2021,150663,LPG,331000
Hyundai,i20,2021,173398,LPG,326000
Hyundai,i20,2021,95061,LPG,477000
Hyundai,i20,2022,167647,Petrol,557000
Hyundai,i20,2022,110927,Petrol,629000
Hyundai,i20,2022,118968,Petrol,658000
Hyundai,i20,2022,25724,Petrol,827000
Hyundai,i20,2022,39703,Petrol,772000
Hyundai,i20,2022,157553,Petrol,571000
Hyundai,i20,2022,95152,Diesel,776000
Hyundai,i20,2022,85445,Diesel,759000
Hyundai,i20,2022,67955,Diesel,682000
Hyundai,i20,2022,25085,Diesel,743000
Hyundai,i20,2022,160548,Diesel,590000
Hyundai,i20,2022,162276,Diesel,534000
Hyundai,i20,2022,10031,CNG,658000
Hyundai,i20,2022,175597,CNG,439000
Hyundai,i20,2022,56856,CNG,543000
Hyundai,i20,2022,136568,CNG,403000
Hyundai,i20,2022,105695,CNG,452000
Hyundai,i20,2022,17304,CNG,637000
Hyundai,i20,2022,65741,LPG,515000
Hyundai,i20,2022,32555,LPG,513000
Hyundai,i20,2022,170269,LPG,402000
Hyundai,i20,2022,141487,LPG,474000
Hyundai,i20,2022,6163,LPG,670000
Hyundai,i20,2022,85961,LPG,439000
Hyundai,i20,2023,151997,Petrol,569000
Hyundai,i20,2023,146224,Petrol,624000
Hyundai,i20,2023,126473,Petrol,708000
Hyundai,i20,2023,22134,Petrol,687000
Hyundai,i20,2023,20703,Petrol,689000
Hyundai,i20,2023,59555,Petrol,638000
Hyundai,i20,2023,18851,Diesel,984000
Hyundai,i20,2023,107326,Diesel,711000
Hyundai,i20,2023,167776,Diesel,638000
Hyundai,i20,2023,111903,Diesel,686000
Hyundai,i20,2023,108454,Diesel,622000
Hyundai,i20,2023,143657,Diesel,651000
Hyundai,i20,2023,43024,CNG,558000
Hyundai,i20,2023,84240,CNG,476000
Hyundai,i20,2023,56267,CNG,659000
Hyundai,i20,2023,43731,CNG,602000
Hyundai,i20,2023,105427,CNG,528000
Hyundai,i20,2023,173351,CNG,449000
Hyundai,i20,2023,20331,LPG,576000
Hyundai,i20,2023,117684,LPG,519000
Hyundai,i20,2023,65557,LPG,482000
Hyundai,i20,2023,25600,LPG,678000
Hyundai,i20,2023,33405,LPG,586000
Hyundai,i20,2023,162601,LPG,374000
Hyundai,i20,2024,177608,Petrol,617000
Hyundai,i20,2024,49044,Petrol,717000
Hyundai,i20,2024,38969,Petrol,873000
Hyundai,i20,2024,45947,Petrol,811000
Hyundai,i20,2024,93886,Petrol,731000
Hyundai,i20,2024,70960,Petrol,693000
Hyundai,i20,2024,36274,Diesel,961000
Hyundai,i20,2024,73454,Diesel,880000
Hyundai,i20,2024,33947,Diesel,971000
Hyundai,i20,2024,10695,Diesel,900000
Hyundai,i20,2024,115544,Diesel,693000
Hyundai,i20,2024,19743,Diesel,864000
Hyundai,i20,2024,154165,CNG,500000
Hyundai,i20,2024,133062,CNG,505000
Hyundai,i20,2024,97404,CNG,489000
Hyundai,i20,2024,151605,CNG,439000
Hyundai,i20,2024,44237,CNG,590000
Hyundai,i20,2024,29975,CNG,731000
Hyundai,i20,2024,179716,LPG,464000
Hyundai,i20,2024,62874,LPG,636000
Hyundai,i20,2024,3673,LPG,585000
Hyundai,i20,2024,6221,LPG,621000
Hyundai,i20,2024,126670,LPG,487000
Hyundai,i20,2024,42343,LPG,564000
Hyundai,i20,2025,12270,Petrol,944000
Hyundai,i20,2025,174888,Petrol,605000
Hyundai,i20,2025,87358,Petrol,729000
Hyundai,i20,2025,86869,Petrol,735000
Hyundai,i20,2025,23417,Petrol,928000
Hyundai,i20,2025,34300,Petrol,889000
Hyundai,i20,2025,16807,Diesel,902000
Hyundai,i20,2025,138207,Diesel,850000
Hyundai,i20,2025,108100,Diesel,706000
Hyundai,i20,2025,124921,Diesel,855000
Hyundai,i20,2025,84447,Diesel,813000
Hyundai,i20,2025,147989,Diesel,716000
Hyundai,i20,2025,99709,CNG,543000
Hyundai,i20,2025,150798,CNG,562000
Hyundai,i20,2025,166241,CNG,459000
Hyundai,i20,2025,99540,CNG,612000
Hyundai,i20,2025,132331,CNG,626000
Hyundai,i20,2025,54228,CNG,708000
Hyundai,i20,2025,146277,LPG,552000
Hyundai,i20,2025,67258,LPG,563000
Hyundai,i20,2025,110488,LPG,486000
Hyundai,i20,2025,144962,LPG,492000
Hyundai,i20,2025,5515,LPG,811000
Hyundai,i20,2025,3383,LPG,774000
Hyundai,Venue,2015,101638,Petrol,453000
Hyundai,Venue,2015,83612,Petrol,381000
Hyundai,Venue,2015,141887,Petrol,422000
Hyundai,Venue,2015,113052,Petrol,399000
Hyundai,Venue,2015,18701,Petrol,566000
Hyundai,Venue,2015,40322,Petrol,504000
Hyundai,Venue,2015,27386,Diesel,457000
Hyundai,Venue,2015,63679,Diesel,543000
Hyundai,Venue,2015,139251,Diesel,392000
Hyundai,Venue,2015,100646,Diesel,440000
Hyundai,Venue,2015,25256,Diesel,542000
Hyundai,Venue,2015,135494,Diesel,363000
Hyundai,Venue,2015,106376,CNG,278000
Hyundai,Venue,2015,151850,CNG,245000
Hyundai,Venue,2015,176655,CNG,296000
Hyundai,Venue,2015,65068,CNG,329000
Hyundai,Venue,2015,85577,CNG,375000
Hyundai,Venue,2015,106010,CNG,336000
Hyundai,Venue,2015,88524,LPG,306000
Hyundai,Venue,2015,74291,LPG,308000
Hyundai,Venue,2015,56139,LPG,312000
Hyundai,Venue,2015,156277,LPG,239000
Hyundai,Venue,2015,30697,LPG,333000
Hyundai,Venue,2015,125173,LPG,278000
Hyundai,Venue,2016,34650,Petrol,532000
Hyundai,Venue,2016,57430,Petrol,494000
Hyundai,Venue,2016,124463,Petrol,396000
Hyundai,Venue,2016,34434,Petrol,464000
Hyundai,Venue,2016,82748,Petrol,517000
Hyundai,Venue,2016,161152,Petrol,332000
Hyundai,Venue,2016,88929,Diesel,451000
Hyundai,Venue,2016,68069,Diesel,600000
Hyundai,Venue,2016,106873,Diesel,482000
Hyundai,Venue,2016,81339,Diesel,476000
Hyundai,Venue,2016,48578,Diesel,476000
Hyundai,Venue,2016,109008,Diesel,527000
Hyundai,Venue,2016,148739,CNG,332000
Hyundai,Venue,2016,68497,CNG,336000
Hyundai,Venue,2016,29714,CNG,452000
Hyundai,Venue,2016,39645,CNG,361000
Hyundai,Venue,2016,19166,CNG,465000
Hyundai,Venue,2016,61271,CNG,345000
Hyundai,Venue,2016,108010,LPG,324000
Hyundai,Venue,2016,168228,LPG,322000
Hyundai,Venue,2016,25030,LPG,418000
Hyundai,Venue,2016,70848,LPG,414000
Hyundai,Venue,2016,22657,LPG,353000
Hyundai,Venue,2016,19900,LPG,376000
Hyundai,Venue,2017,172341,Petrol,397000
Hyundai,Venue,2017,36761,Petrol,503000
Hyundai,Venue,2017,89913,Petrol,450000
Hyundai,Venue,2017,123847,Petrol,403000
Hyundai,Venue,2017,153440,Petrol,419000
Hyundai,Venue,2017,106546,Petrol,485000
Hyundai,Venue,2017,103330,Diesel,557000
Hyundai,Venue,2017,48300,Diesel,576000
Hyundai,Venue,2017,52060,Diesel,558000
Hyundai,Venue,2017,119919,Diesel,563000
Hyundai,Venue,2017,12083,Diesel,672000
Hyundai,Venue,2017,164736,Diesel,414000
Hyundai,Venue,2017,80360,CNG,404000
Hyundai,Venue,2017,147359,CNG,337000
Hyundai,Venue,2017,25995,CNG,427000
Hyundai,Venue,2017,38975,CNG,433000
Hyundai,Venue,2017,171467,CNG,351000
Hyundai,Venue,2017,140839,CNG,320000
Hyundai,Venue,2017,145516,LPG,361000
Hyundai,Venue,2017,103269,LPG,402000
Hyundai,Venue,2017,97139,LPG,375000
Hyundai,Venue,2017,130055,LPG,331000
Hyundai,Venue,2017,151282,LPG,327000
Hyundai,Venue,2017,104811,LPG,346000
Hyundai,Venue,2018,9832,Petrol,622000
Hyundai,Venue,2018,60414,Petrol,508000
Hyundai,Venue,2018,76644,Petrol,494000
Hyundai,Venue,2018,126649,Petrol,505000
Hyundai,Venue,2018,156089,Petrol,528000
Hyundai,Venue,2018,44844,Petrol,539000
Hyundai,Venue,2018,175193,Diesel,435000
Hyundai,Venue,2018,142903,Diesel,564000
Hyundai,Venue,2018,17656,Diesel,752000
Hyundai,Venue,2018,60517,Diesel,650000
Hyundai,Venue,2018,104822,Diesel,548000
Hyundai,Venue,2018,48537,Diesel,592000
Hyundai,Venue,2018,158325,CNG,338000
Hyundai,Venue,2018,97052,CNG,472000
Hyundai,Venue,2018,10394,CNG,542000
Hyundai,Venue,2018,95191,CNG,478000
Hyundai,Venue,2018,150746,CNG,327000
Hyundai,Venue,2018,52344,CNG,514000
Hyundai,Venue,2018,132034,LPG,379000
Hyundai,Venue,2018,49021,LPG,458000
Hyundai,Venue,2018,26660,LPG,420000
Hyundai,Venue,2018,160722,LPG,317000
Hyundai,Venue,2018,141005,LPG,363000
Hyundai,Venue,2018,89962,LPG,468000
Hyundai,Venue,2019,55812,Petrol,702000
Hyundai,Venue,2019,92327,Petrol,629000
Hyundai,Venue,2019,87826,Petrol,521000
Hyundai,Venue,2019,41721,Petrol,682000
Hyundai,Venue,2019,40133,Petrol,721000
Hyundai,Venue,2019,140965,Petrol,576000
Hyundai,Venue,2019,22013,Diesel,721000
Hyundai,Venue,2019,176575,Diesel,491000
Hyundai,Venue,2019,29484,Diesel,702000
Hyundai,Venue,2019,87568,Diesel,578000
Hyundai,Venue,2019,44288,Diesel,762000
Hyundai,Venue,2019,117522,Diesel,650000
Hyundai,Venue,2019,130716,CNG,436000
Hyundai,Venue,2019,48666,CNG,542000
Hyundai,Venue,2019,150318,CNG,418000
Hyundai,Venue,2019,163880,CNG,412000
Hyundai,Venue,2019,61520,CNG,520000
Hyundai,Venue,2019,48967,CNG,492000
Hyundai,Venue,2019,80205,LPG,413000
Hyundai,Venue,2019,3471,LPG,619000
Hyundai,Venue,2019,153165,LPG,370000
Hyundai,Venue,2019,151762,LPG,332000
Hyundai,Venue,2019,160912,LPG,354000
Hyundai,Venue,2019,163269,LPG,341000
Hyundai,Venue,2020,151255,Petrol,483000
Hyundai,Venue,2020,133071,Petrol,515000
Hyundai,Venue,2020,23396,Petrol,690000
Hyundai,Venue,2020,86759,Petrol,585000
Hyundai,Venue,2020,26258,Petrol,812000
Hyundai,Venue,2020,178642,Petrol,524000
Hyundai,Venue,2020,91014,Diesel,681000
Hyundai,Venue,2020,72523,Diesel,662000
Hyundai,Venue,2020,20771,Diesel,775000
Hyundai,Venue,2020,31320,Diesel,844000
Hyundai,Venue,2020,15621,Diesel,792000
Hyundai,Venue,2020,113009,Diesel,744000
Hyundai,Venue,2020,111532,CNG,474000
Hyundai,Venue,2020,102277,CNG,465000
Hyundai,Venue,2020,101395,CNG,430000
Hyundai,Venue,2020,128695,CNG,492000
Hyundai,Venue,2020,154533,CNG,441000
Hyundai,Venue,2020,62135,CNG,482000
Hyundai,Venue,2020,22322,LPG,618000
Hyundai,Venue,2020,11758,LPG,546000
Hyundai,Venue,2020,86549,LPG,458000
Hyundai,Venue,2020,30453,LPG,490000
Hyundai,Venue,2020,47592,LPG,599000
Hyundai,Venue,2020,45180,LPG,578000
Hyundai,Venue,2021,146404,Petrol,673000
Hyundai,Venue,2021,27406,Petrol,759000
Hyundai,Venue,2021,163863,Petrol,632000
Hyundai,Venue,2021,11124,Petrol,808000
Hyundai,Venue,2021,174346,Petrol,495000
Hyundai,Venue,2021,116823,Petrol,581000
Hyundai,Venue,2021,29544,Diesel,814000
Hyundai,Venue,2021,52803,Diesel,793000
Hyundai,Venue,2021,148257,Diesel,682000
Hyundai,Venue,2021,144590,Diesel,603000
Hyundai,Venue,2021,76799,Diesel,725000
Hyundai,Venue,2021,28143,Diesel,746000
Hyundai,Venue,2021,152886,CNG,463000
Hyundai,Venue,2021,131699,CNG,435000
Hyundai,Venue,2021,97589,CNG,453000
Hyundai,Venue,2021,25971,CNG,586000
Hyundai,Venue,2021,176544,CNG,441000
Hyundai,Venue,2021,128915,CNG,445000
Hyundai,Venue,2021,9746,LPG,575000
Hyundai,Venue,2021,170297,LPG,397000
Hyundai,Venue,2021,24479,LPG,605000
Hyundai,Venue,2021,33279,LPG,565000
Hyundai,Venue,2021,107193,LPG,499000
Hyundai,Venue,2021,176287,LPG,386000
Hyundai,Venue,2022,171261,Petrol,603000
Hyundai,Venue,2022,51465,Petrol,781000
Hyundai,Venue,2022,102993,Petrol,691000
Hyundai,Venue,2022,119857,Petrol,597000
Hyundai,Venue,2022,118275,Petrol,684000
Hyundai,Venue,2022,62308,Petrol,870000
Hyundai,Venue,2022,150913,Diesel,595000
Hyundai,Venue,2022,177972,Diesel,556000
Hyundai,Venue,2022,178149,Diesel,600000
Hyundai,Venue,2022,144937,Diesel,677000
Hyundai,Venue,2022,157593,Diesel,616000
Hyundai,Venue,2022,18986,Diesel,1034000
Hyundai,Venue,2022,139991,CNG,496000
Hyundai,Venue,2022,143381,CNG,531000
Hyundai,Venue,2022,127472,CNG,537000
Hyundai,Venue,2022,64772,CNG,610000
Hyundai,Venue,2022,23697,CNG,652000
Hyundai,Venue,2022,12103,CNG,689000
Hyundai,Venue,2022,138480,LPG,541000
Hyundai,Venue,2022,165600,LPG,413000
Hyundai,Venue,2022,120713,LPG,472000
Hyundai,Venue,2022,46821,LPG,709000
Hyundai,Venue,2022,53521,LPG,547000
Hyundai,Venue,2022,113985,LPG,466000
Hyundai,Venue,2023,117135,Petrol,678000
Hyundai,Venue,2023,167423,Petrol,579000
Hyundai,Venue,2023,158988,Petrol,614000
Hyundai,Venue,2023,20566,Petrol,817000
Hyundai,Venue,2023,148847,Petrol,660000
Hyundai,Venue,2023,88492,Petrol,880000
Hyundai,Venue,2023,139233,Diesel,746000
Hyundai,Venue,2023,6241,Diesel,1120000
Hyundai,Venue,2023,166330,Diesel,716000
Hyundai,Venue,2023,112994,Diesel,719000
Hyundai,Venue,2023,42227,Diesel,860000
Hyundai,Venue,2023,157123,Diesel,735000
Hyundai,Venue,2023,29267,CNG,800000
Hyundai,Venue,2023,150504,CNG,571000
Hyundai,Venue,2023,77997,CNG,706000
Hyundai,Venue,2023,93143,CNG,683000
Hyundai,Venue,2023,72241,CNG,625000
Hyundai,Venue,2023,130293,CNG,571000
Hyundai,Venue,2023,127006,LPG,475000
Hyundai,Venue,2023,75198,LPG,608000
Hyundai,Venue,2023,165069,LPG,509000
Hyundai,Venue,2023,108308,LPG,499000
Hyundai,Venue,2023,89899,LPG,638000
Hyundai,Venue,2023,15921,LPG,764000
Hyundai,Venue,2024,73407,Petrol,986000
Hyundai,Venue,2024,8303,Petrol,970000
Hyundai,Venue,2024,82444,Petrol,817000
Hyundai,Venue,2024,131875,Petrol,842000
Hyundai,Venue,2024,28747,Petrol,1110000
Hyundai,Venue,2024,62757,Petrol,809000
Hyundai,Venue,2024,119158,Diesel,920000
Hyundai,Venue,2024,87113,Diesel,861000
Hyundai,Venue,2024,112254,Diesel,894000
Hyundai,Venue,2024,26406,Diesel,963000
Hyundai,Venue,2024,58414,Diesel,1107000
Hyundai,Venue,2024,109737,Diesel,934000
Hyundai,Venue,2024,138397,CNG,647000
Hyundai,Venue,2024,17734,CNG,782000
Hyundai,Venue,2024,44673,CNG,642000
Hyundai,Venue,2024,135853,CNG,572000
Hyundai,Venue,2024,140438,CNG,645000
Hyundai,Venue,2024,10588,CNG,715000
Hyundai,Venue,2024,55619,LPG,768000
Hyundai,Venue,2024,68402,LPG,587000
Hyundai,Venue,2024,16253,LPG,854000
Hyundai,Venue,2024,55195,LPG,654000
Hyundai,Venue,2024,124692,LPG,592000
Hyundai,Venue,2024,169568,LPG,584000
Hyundai,Venue,2025,11011,Petrol,999000
Hyundai,Venue,2025,131132,Petrol,837000
Hyundai,Venue,2025,49552,Petrol,1128000
Hyundai,Venue,2025,127408,Petrol,843000
Hyundai,Venue,2025,94687,Petrol,854000
Hyundai,Venue,2025,70806,Petrol,1016000
Hyundai,Venue,2025,26695,Diesel,1058000
Hyundai,Venue,2025,104335,Diesel,820000
Hyundai,Venue,2025,153014,Diesel,895000
Hyundai,Venue,2025,59182,Diesel,1161000
Hyundai,Venue,2025,172706,Diesel,718000
Hyundai,Venue,2025,57193,Diesel,985000
Hyundai,Venue,2025,110349,CNG,674000
Hyundai,Venue,2025,5332,CNG,846000
Hyundai,Venue,2025,37685,CNG,830000
Hyundai,Venue,2025,160585,CNG,636000
Hyundai,Venue,2025,61659,CNG,700000
Hyundai,Venue,2025,83074,CNG,763000
Hyundai,Venue,2025,171490,LPG,515000
Hyundai,Venue,2025,101690,LPG,737000
Hyundai,Venue,2025,123323,LPG,586000
Hyundai,Venue,2025,125342,LPG,592000
Hyundai,Venue,2025,139482,LPG,662000
Hyundai,Venue,2025,107111,LPG,676000
Hyundai,Xcent,2015,4926,Petrol,420000
Hyundai,Xcent,2015,176632,Petrol,311000
Hyundai,Xcent,2015,101102,Petrol,343000
Hyundai,Xcent,2015,158653,Petrol,298000
Hyundai,Xcent,2015,81243,Petrol,373000
Hyundai,Xcent,2015,129284,Petrol,274000
Hyundai,Xcent,2015,75478,Diesel,403000
Hyundai,Xcent,2015,75583,Diesel,361000
Hyundai,Xcent,2015,173778,Diesel,280000
Hyundai,Xcent,2015,42303,Diesel,420000
Hyundai,Xcent,2015,65993,Diesel,442000
Hyundai,Xcent,2015,160295,Diesel,302000
Hyundai,Xcent,2015,86777,CNG,287000
Hyundai,Xcent,2015,9672,CNG,338000
Hyundai,Xcent,2015,80490,CNG,257000
Hyundai,Xcent,2015,112724,CNG,248000
Hyundai,Xcent,2015,12258,CNG,329000
Hyundai,Xcent,2015,152957,CNG,250000
Hyundai,Xcent,2015,92959,LPG,279000
Hyundai,Xcent,2015,61291,LPG,297000
Hyundai,Xcent,2015,170330,LPG,229000
Hyundai,Xcent,2015,179126,LPG,198000
Hyundai,Xcent,2015,81694,LPG,296000
Hyundai,Xcent,2015,175389,LPG,231000
Hyundai,Xcent,2016,50483,Petrol,391000
Hyundai,Xcent,2016,126412,Petrol,308000
Hyundai,Xcent,2016,70804,Petrol,423000
Hyundai,Xcent,2016,149546,Petrol,349000
Hyundai,Xcent,2016,50990,Petrol,470000
Hyundai,Xcent,2016,90984,Petrol,396000
Hyundai,Xcent,2016,61262,Diesel,420000
Hyundai,Xcent,2016,83500,Diesel,407000
Hyundai,Xcent,2016,89852,Diesel,395000
Hyundai,Xcent,2016,156503,Diesel,323000
Hyundai,Xcent,2016,33875,Diesel,462000
Hyundai,Xcent,2016,169303,Diesel,339000
Hyundai,Xcent,2016,165700,CNG,211000
Hyundai,Xcent,2016,53998,CNG,322000
Hyundai,Xcent,2016,103052,CNG,289000
Hyundai,Xcent,2016,111293,CNG,244000
Hyundai,Xcent,2016,42525,CNG,295000
Hyundai,Xcent,2016,55506,CNG,306000
Hyundai,Xcent,2016,152265,LPG,273000
Hyundai,Xcent,2016,122949,LPG,238000
Hyundai,Xcent,2016,50279,LPG,342000
Hyundai,Xcent,2016,130816,LPG,247000
Hyundai,Xcent,2016,49353,LPG,300000
Hyundai,Xcent,2016,18207,LPG,290000
Hyundai,Xcent,2017,74703,Petrol,393000
Hyundai,Xcent,2017,47198,Petrol,467000
Hyundai,Xcent,2017,44532,Petrol,458000
Hyundai,Xcent,2017,26079,Petrol,427000
Hyundai,Xcent,2017,116694,Petrol,402000
Hyundai,Xcent,2017,108747,Petrol,387000
Hyundai,Xcent,2017,128147,Diesel,392000
Hyundai,Xcent,2017,12889,Diesel,536000
Hyundai,Xcent,2017,100806,Diesel,492000
Hyundai,Xcent,2017,87466,Diesel,483000
Hyundai,Xcent,2017,142207,Diesel,355000
Hyundai,Xcent,2017,4081,Diesel,560000
Hyundai,Xcent,2017,68227,CNG,313000
Hyundai,Xcent,2017,93269,CNG,303000
Hyundai,Xcent,2017,29924,CNG,357000
Hyundai,Xcent,2017,157316,CNG,255000
Hyundai,Xcent,2017,20114,CNG,413000
Hyundai,Xcent,2017,81171,CNG,373000
Hyundai,Xcent,2017,122518,LPG,309000
Hyundai,Xcent,2017,159334,LPG,263000
Hyundai,Xcent,2017,116682,LPG,327000
Hyundai,Xcent,2017,38072,LPG,338000
Hyundai,Xcent,2017,131497,LPG,271000
Hyundai,Xcent,2017,52394,LPG,310000
Hyundai,Xcent,2018,108746,Petrol,369000
Hyundai,Xcent,2018,61804,Petrol,512000
Hyundai,Xcent,2018,37394,Petrol,465000
Hyundai,Xcent,2018,8744,Petrol,553000
Hyundai,Xcent,2018,47298,Petrol,442000
Hyundai,Xcent,2018,173535,Petrol,388000
Hyundai,Xcent,2018,101354,Diesel,524000
Hyundai,Xcent,2018,70053,Diesel,549000
Hyundai,Xcent,2018,166351,Diesel,343000
Hyundai,Xcent,2018,15572,Diesel,601000
Hyundai,Xcent,2018,174328,Diesel,423000
Hyundai,Xcent,2018,15644,Diesel,605000
Hyundai,Xcent,2018,112255,CNG,326000
Hyundai,Xcent,2018,35399,CNG,403000
Hyundai,Xcent,2018,127360,CNG,337000
Hyundai,Xcent,2018,56869,CNG,401000
Hyundai,Xcent,2018,168232,CNG,243000
Hyundai,Xcent,2018,113328,CNG,346000
Hyundai,Xcent,2018,176665,LPG,271000
Hyundai,Xcent,2018,166262,LPG,287000
Hyundai,Xcent,2018,38956,LPG,375000
Hyundai,Xcent,2018,30502,LPG,393000
Hyundai,Xcent,2018,164925,LPG,248000
Hyundai,Xcent,2018,32887,LPG,422000
Hyundai,Xcent,2019,133479,Petrol,397000
Hyundai,Xcent,2019,55363,Petrol,571000
Hyundai,Xcent,2019,140139,Petrol,486000
Hyundai,Xcent,2019,96827,Petrol,507000
Hyundai,Xcent,2019,80424,Petrol,449000
Hyundai,Xcent,2019,146691,Petrol,419000
Hyundai,Xcent,2019,57445,Diesel,599000
Hyundai,Xcent,2019,129003,Diesel,452000
Hyundai,Xcent,2019,3717,Diesel,546000
Hyundai,Xcent,2019,26331,Diesel,679000
Hyundai,Xcent,2019,153510,Diesel,466000
Hyundai,Xcent,2019,42097,Diesel,664000
Hyundai,Xcent,2019,137140,CNG,294000
Hyundai,Xcent,2019,29552,CNG,487000
Hyundai,Xcent,2019,171909,CNG,280000
Hyundai,Xcent,2019,80600,CNG,362000
Hyundai,Xcent,2019,16128,CNG,396000
Hyundai,Xcent,2019,48797,CNG,463000
Hyundai,Xcent,2019,79170,LPG,364000
Hyundai,Xcent,2019,84974,LPG,366000
Hyundai,Xcent,2019,33382,LPG,371000
Hyundai,Xcent,2019,15029,LPG,375000
Hyundai,Xcent,2019,39279,LPG,435000
Hyundai,Xcent,2019,47698,LPG,388000
Hyundai,Xcent,2020,117744,Petrol,555000
Hyundai,Xcent,2020,73335,Petrol,607000
Hyundai,Xcent,2020,27366,Petrol,583000
Hyundai,Xcent,2020,92842,Petrol,474000
Hyundai,Xcent,2020,108061,Petrol,488000
Hyundai,Xcent,2020,122678,Petrol,451000
Hyundai,Xcent,2020,104113,Diesel,578000
Hyundai,Xcent,2020,128369,Diesel,559000
Hyundai,Xcent,2020,173091,Diesel,503000
Hyundai,Xcent,2020,46720,Diesel,557000
Hyundai,Xcent,2020,18373,Diesel,760000
Hyundai,Xcent,2020,44784,Diesel,557000
Hyundai,Xcent,2020,157861,CNG,340000
Hyundai,Xcent,2020,152145,CNG,366000
Hyundai,Xcent,2020,50516,CNG,464000
Hyundai,Xcent,2020,97004,CNG,416000
Hyundai,Xcent,2020,37250,CNG,460000
Hyundai,Xcent,2020,130958,CNG,327000
Hyundai,Xcent,2020,110815,LPG,372000
Hyundai,Xcent,2020,19603,LPG,435000
Hyundai,Xcent,2020,85375,LPG,346000
Hyundai,Xcent,2020,140577,LPG,377000
Hyundai,Xcent,2020,154165,LPG,359000
Hyundai,Xcent,2020,61716,LPG,486000
Hyundai,Xcent,2021,178595,Petrol,492000
Hyundai,Xcent,2021,139078,Petrol,501000
Hyundai,Xcent,2021,165067,Petrol,408000
Hyundai,Xcent,2021,176464,Petrol,476000
Hyundai,Xcent,2021,129334,Petrol,488000
Hyundai,Xcent,2021,171140,Petrol,438000
Hyundai,Xcent,2021,149366,Diesel,582000
Hyundai,Xcent,2021,163671,Diesel,436000
Hyundai,Xcent,2021,171663,Diesel,551000
Hyundai,Xcent,2021,135531,Diesel,598000
Hyundai,Xcent,2021,132980,Diesel,606000
Hyundai,Xcent,2021,22625,Diesel,763000
Hyundai,Xcent,2021,87052,CNG,411000
Hyundai,Xcent,2021,75917,CNG,397000
Hyundai,Xcent,2021,61381,CNG,479000
Hyundai,Xcent,2021,102257,CNG,416000
Hyundai,Xcent,2021,64603,CNG,411000
Hyundai,Xcent,2021,119441,CNG,445000
Hyundai,Xcent,2021,120466,LPG,350000
Hyundai,Xcent,2021,133667,LPG,378000
Hyundai,Xcent,2021,34118,LPG,557000
Hyundai,Xcent,2021,174277,LPG,294000
Hyundai,Xcent,2021,108759,LPG,400000
Hyundai,Xcent,2021,149048,LPG,373000
Hyundai,Xcent,2022,26827,Petrol,760000
Hyundai,Xcent,2022,165284,Petrol,516000
Hyundai,Xcent,2022,136257,Petrol,548000
Hyundai,Xcent,2022,174598,Petrol,506000
Hyundai,Xcent,2022,92352,Petrol,580000
Hyundai,Xcent,2022,17227,Petrol,781000
Hyundai,Xcent,2022,122133,Diesel,575000
Hyundai,Xcent,2022,165465,Diesel,551000
Hyundai,Xcent,2022,175272,Diesel,499000
Hyundai,Xcent,2022,121628,Diesel,537000
Hyundai,Xcent,2022,175729,Diesel,477000
Hyundai,Xcent,2022,92484,Diesel,624000
Hyundai,Xcent,2022,169110,CNG,434000
Hyundai,Xcent,2022,79541,CNG,492000
Hyundai,Xcent,2022,101013,CNG,488000
Hyundai,Xcent,2022,15000,CNG,625000
Hyundai,Xcent,2022,132085,CNG,380000
Hyundai,Xcent,2022,110272,CNG,399000
Hyundai,Xcent,2022,163131,LPG,346000
Hyundai,Xcent,2022,34652,LPG,589000
Hyundai,Xcent,2022,105995,LPG,407000
Hyundai,Xcent,2022,52959,LPG,535000
Hyundai,Xcent,2022,31250,LPG,567000
Hyundai,Xcent,2022,15189,LPG,613000
Hyundai,Xcent,2023,179197,Petrol,522000
Hyundai,Xcent,2023,121097,Petrol,593000
Hyundai,Xcent,2023,157485,Petrol,615000
Hyundai,Xcent,2023,38294,Petrol,831000
Hyundai,Xcent,2023,4137,Petrol,793000
Hyundai,Xcent,2023,15732,Petrol,780000
Hyundai,Xcent,2023,116458,Diesel,722000
Hyundai,Xcent,2023,129597,Diesel,713000
Hyundai,Xcent,2023,49452,Diesel,815000
Hyundai,Xcent,2023,48521,Diesel,825000
Hyundai,Xcent,2023,36654,Diesel,702000
Hyundai,Xcent,2023,175365,Diesel,572000
Hyundai,Xcent,2023,87369,CNG,511000
Hyundai,Xcent,2023,103837,CNG,478000
Hyundai,Xcent,2023,162644,CNG,468000
Hyundai,Xcent,2023,68074,CNG,499000
Hyundai,Xcent,2023,92878,CNG,573000
Hyundai,Xcent,2023,121710,CNG,509000
Hyundai,Xcent,2023,39223,LPG,541000
Hyundai,Xcent,2023,137294,LPG,412000
Hyundai,Xcent,2023,146604,LPG,471000
Hyundai,Xcent,2023,148118,LPG,440000
Hyundai,Xcent,2023,55661,LPG,490000
Hyundai,Xcent,2023,79173,LPG,535000
Hyundai,Xcent,2024,179258,Petrol,485000
Hyundai,Xcent,2024,173416,Petrol,630000
Hyundai,Xcent,2024,49612,Petrol,764000
Hyundai,Xcent,2024,169953,Petrol,530000
Hyundai,Xcent,2024,33252,Petrol,851000
Hyundai,Xcent,2024,150398,Petrol,589000
Hyundai,Xcent,2024,152589,Diesel,718000
Hyundai,Xcent,2024,112439,Diesel,745000
Hyundai,Xcent,2024,142959,Diesel,613000
Hyundai,Xcent,2024,113726,Diesel,770000
Hyundai,Xcent,2024,140030,Diesel,583000
Hyundai,Xcent,2024,102842,Diesel,652000
Hyundai,Xcent,2024,178703,CNG,370000
Hyundai,Xcent,2024,72986,CNG,605000
Hyundai,Xcent,2024,45188,CNG,686000
Hyundai,Xcent,2024,68683,CNG,511000
Hyundai,Xcent,2024,19261,CNG,671000
Hyundai,Xcent,2024,80369,CNG,507000
Hyundai,Xcent,2024,144865,LPG,395000
Hyundai,Xcent,2024,121644,LPG,431000
Hyundai,Xcent,2024,150294,LPG,498000
Hyundai,Xcent,2024,172638,LPG,429000
Hyundai,Xcent,2024,65284,LPG,562000
Hyundai,Xcent,2024,78402,LPG,573000
Hyundai,Xcent,2025,15315,Petrol,984000
Hyundai,Xcent,2025,104595,Petrol,697000
Hyundai,Xcent,2025,84960,Petrol,852000
Hyundai,Xcent,2025,17103,Petrol,749000
Hyundai,Xcent,2025,68887,Petrol,711000
Hyundai,Xcent,2025,119146,Petrol,754000
Hyundai,Xcent,2025,169143,Diesel,684000
Hyundai,Xcent,2025,172772,Diesel,614000
Hyundai,Xcent,2025,157241,Diesel,678000
Hyundai,Xcent,2025,161174,Diesel,603000
Hyundai,Xcent,2025,53724,Diesel,819000
Hyundai,Xcent,2025,49511,Diesel,1003000
Hyundai,Xcent,2025,22521,CNG,611000
Hyundai,Xcent,2025,48559,CNG,680000
Hyundai,Xcent,2025,34287,CNG,633000
Hyundai,Xcent,2025,115330,CNG,507000
Hyundai,Xcent,2025,72268,CNG,538000
Hyundai,Xcent,2025,156088,CNG,533000
Hyundai,Xcent,2025,4479,LPG,647000
Hyundai,Xcent,2025,43581,LPG,543000
Hyundai,Xcent,2025,87575,LPG,582000
Hyundai,Xcent,2025,166936,LPG,473000
Hyundai,Xcent,2025,176510,LPG,418000
Hyundai,Xcent,2025,153123,LPG,483000
Tata,Nexon,2015,22105,Petrol,595000
Tata,Nexon,2015,86324,Petrol,480000
Tata,Nexon,2015,51200,Petrol,520000
Tata,Nexon,2015,135419,Petrol,378000
Tata,Nexon,2015,145365,Petrol,412000
Tata,Nexon,2015,27102,Petrol,520000
Tata,Nexon,2015,58929,Diesel,574000
Tata,Nexon,2015,89787,Diesel,489000
Tata,Nexon,2015,60264,Diesel,618000
Tata,Nexon,2015,165078,Diesel,420000
Tata,Nexon,2015,150150,Diesel,476000
Tata,Nexon,2015,173210,Diesel,348000
Tata,Nexon,2015,178358,CNG,276000
Tata,Nexon,2015,66005,CNG,435000
Tata,Nexon,2015,163878,CNG,338000
Tata,Nexon,2015,66917,CNG,441000
Tata,Nexon,2015,87131,CNG,358000
Tata,Nexon,2015,32720,CNG,405000
Tata,Nexon,2015,144619,LPG,331000
Tata,Nexon,2015,9476,LPG,480000
Tata,Nexon,2015,101293,LPG,350000
Tata,Nexon,2015,136361,LPG,313000
Tata,Nexon,2015,14495,LPG,399000
Tata,Nexon,2015,173794,LPG,260000
Tata,Nexon,2016,137714,Petrol,401000
Tata,Nexon,2016,28154,Petrol,537000
Tata,Nexon,2016,144026,Petrol,453000
Tata,Nexon,2016,167346,Petrol,366000
Tata,Nexon,2016,178724,Petrol,420000
Tata,Nexon,2016,58882,Petrol,615000
Tata,Nexon,2016,114203,Diesel,576000
Tata,Nexon,2016,56891,Diesel,609000
Tata,Nexon,2016,117094,Diesel,543000
Tata,Nexon,2016,21905,Diesel,697000
Tata,Nexon,2016,43305,Diesel,535000
Tata,Nexon,2016,89957,Diesel,483000
Tata,Nexon,2016,22201,CNG,409000
Tata,Nexon,2016,69036,CNG,431000
Tata,Nexon,2016,153722,CNG,372000
Tata,Nexon,2016,70803,CNG,410000
Tata,Nexon,2016,121259,CNG,386000
Tata,Nexon,2016,116514,CNG,357000
Tata,Nexon,2016,105105,LPG,397000
Tata,Nexon,2016,143203,LPG,292000
Tata,Nexon,2016,165096,LPG,280000
Tata,Nexon,2016,156513,LPG,285000
Tata,Nexon,2016,22028,LPG,439000
Tata,Nexon,2016,134815,LPG,310000
Tata,Nexon,2017,81997,Petrol,592000
Tata,Nexon,2017,76798,Petrol,626000
Tata,Nexon,2017,117734,Petrol,507000
Tata,Nexon,2017,176204,Petrol,384000
Tata,Nexon,2017,43979,Petrol,632000
Tata,Nexon,2017,38751,Petrol,679000
Tata,Nexon,2017,146058,Diesel,494000
Tata,Nexon,2017,169211,Diesel,440000
Tata,Nexon,2017,172853,Diesel,467000
Tata,Nexon,2017,5922,Diesel,744000
Tata,Nexon,2017,148508,Diesel,467000
Tata,Nexon,2017,13950,Diesel,617000
Tata,Nexon,2017,159409,CNG,354000
Tata,Nexon,2017,146530,CNG,428000
Tata,Nexon,2017,82872,CNG,409000
Tata,Nexon,2017,93138,CNG,399000
Tata,Nexon,2017,172327,CNG,387000
Tata,Nexon,2017,40343,CNG,444000
Tata,Nexon,2017,60878,LPG,474000
Tata,Nexon,2017,69254,LPG,410000
Tata,Nexon,2017,50541,LPG,493000
Tata,Nexon,2017,151712,LPG,401000
Tata,Nexon,2017,146878,LPG,364000
Tata,Nexon,2017,147091,LPG,323000
Tata,Nexon,2018,179078,Petrol,419000
Tata,Nexon,2018,28743,Petrol,641000
Tata,Nexon,2018,155199,Petrol,513000
Tata,Nexon,2018,89730,Petrol,587000
Tata,Nexon,2018,178976,Petrol,501000
Tata,Nexon,2018,29226,Petrol,659000
Tata,Nexon,2018,21299,Diesel,861000
Tata,Nexon,2018,86305,Diesel,664000
Tata,Nexon,2018,89073,Diesel,685000
Tata,Nexon,2018,83130,Diesel,710000
Tata,Nexon,2018,42949,Diesel,751000
Tata,Nexon,2018,98549,Diesel,705000
Tata,Nexon,2018,115278,CNG,405000
Tata,Nexon,2018,85107,CNG,447000
Tata,Nexon,2018,61071,CNG,542000
Tata,Nexon,2018,170991,CNG,376000
Tata,Nexon,2018,97237,CNG,419000
Tata,Nexon,2018,89917,CNG,530000
Tata,Nexon,2018,124332,LPG,419000
Tata,Nexon,2018,83077,LPG,471000
Tata,Nexon,2018,31529,LPG,481000
Tata,Nexon,2018,162023,LPG,337000
Tata,Nexon,2018,76561,LPG,530000
Tata,Nexon,2018,39700,LPG,582000
Tata,Nexon,2019,54493,Petrol,670000
Tata,Nexon,2019,167264,Petrol,471000
Tata,Nexon,2019,22765,Petrol,859000
Tata,Nexon,2019,135953,Petrol,611000
Tata,Nexon,2019,155539,Petrol,569000
Tata,Nexon,2019,157674,Petrol,507000
Tata,Nexon,2019,12609,Diesel,863000
Tata,Nexon,2019,145467,Diesel,690000
Tata,Nexon,2019,144473,Diesel,615000
Tata,Nexon,2019,41963,Diesel,768000
Tata,Nexon,2019,61538,Diesel,852000
Tata,Nexon,2019,157560,Diesel,638000
Tata,Nexon,2019,79283,CNG,474000
Tata,Nexon,2019,134366,CNG,462000
Tata,Nexon,2019,107014,CNG,476000
Tata,Nexon,2019,5776,CNG,652000
Tata,Nexon,2019,163965,CNG,446000
Tata,Nexon,2019,137777,CNG,409000
Tata,Nexon,2019,44739,LPG,507000
Tata,Nexon,2019,151324,LPG,448000
Tata,Nexon,2019,41325,LPG,602000
Tata,Nexon,2019,129747,LPG,513000
Tata,Nexon,2019,13595,LPG,548000
Tata,Nexon,2019,130832,LPG,418000
Tata,Nexon,2020,72299,Petrol,718000
Tata,Nexon,2020,14221,Petrol,889000
Tata,Nexon,2020,138760,Petrol,705000
Tata,Nexon,2020,97699,Petrol,679000
Tata,Nexon,2020,122182,Petrol,732000
Tata,Nexon,2020,13460,Petrol,967000
Tata,Nexon,2020,87953,Diesel,687000
Tata,Nexon,2020,139674,Diesel,705000
Tata,Nexon,2020,74695,Diesel,879000
Tata,Nexon,2020,72026,Diesel,825000
Tata,Nexon,2020,152464,Diesel,592000
Tata,Nexon,2020,174357,Diesel,592000
Tata,Nexon,2020,157056,CNG,487000
Tata,Nexon,2020,23404,CNG,652000
Tata,Nexon,2020,101652,CNG,617000
Tata,Nexon,2020,61431,CNG,600000
Tata,Nexon,2020,95510,CNG,601000
Tata,Nexon,2020,93448,CNG,551000
Tata,Nexon,2020,129382,LPG,547000
Tata,Nexon,2020,4729,LPG,657000
Tata,Nexon,2020,39429,LPG,600000
Tata,Nexon,2020,63290,LPG,508000
Tata,Nexon,2020,171683,LPG,407000
Tata,Nexon,2020,42384,LPG,551000
Tata,Nexon,2021,97954,Petrol,777000
Tata,Nexon,2021,34019,Petrol,916000
Tata,Nexon,2021,111688,Petrol,795000
Tata,Nexon,2021,32711,Petrol,873000
Tata,Nexon,2021,128518,Petrol,693000
Tata,Nexon,2021,157872,Petrol,579000
Tata,Nexon,2021,110714,Diesel,680000
Tata,Nexon,2021,14310,Diesel,878000
Tata,Nexon,2021,158280,Diesel,625000
Tata,Nexon,2021,168030,Diesel,676000
Tata,Nexon,2021,153016,Diesel,631000
Tata,Nexon,2021,46605,Diesel,855000
Tata,Nexon,2021,50195,CNG,662000
Tata,Nexon,2021,109287,CNG,589000
Tata,Nexon,2021,150745,CNG,532000
Tata,Nexon,2021,176472,CNG,518000
Tata,Nexon,2021,25478,CNG,638000
Tata,Nexon,2021,161997,CNG,566000
Tata,Nexon,2021,129266,LPG,478000
Tata,Nexon,2021,110680,LPG,572000
Tata,Nexon,2021,155737,LPG,537000
Tata,Nexon,2021,50679,LPG,664000
Tata,Nexon,2021,136904,LPG,483000
Tata,Nexon,2021,92829,LPG,652000
Tata,Nexon,2022,159377,Petrol,705000
Tata,Nexon,2022,63244,Petrol,849000
Tata,Nexon,2022,37658,Petrol,826000
Tata,Nexon,2022,56044,Petrol,901000
Tata,Nexon,2022,135214,Petrol,775000
Tata,Nexon,2022,42206,Petrol,951000
Tata,Nexon,2022,49510,Diesel,974000
Tata,Nexon,2022,164152,Diesel,752000
Tata,Nexon,2022,142311,Diesel,779000
Tata,Nexon,2022,33806,Diesel,895000
Tata,Nexon,2022,175855,Diesel,630000
Tata,Nexon,2022,161197,Diesel,746000
Tata,Nexon,2022,3314,CNG,871000
Tata,Nexon,2022,173192,CNG,504000
Tata,Nexon,2022,113279,CNG,585000
Tata,Nexon,2022,14387,CNG,807000
Tata,Nexon,2022,115448,CNG,557000
Tata,Nexon,2022,129385,CNG,632000
Tata,Nexon,2022,102938,LPG,582000
Tata,Nexon,2022,154026,LPG,468000
Tata,Nexon,2022,38096,LPG,657000
Tata,Nexon,2022,63951,LPG,748000
Tata,Nexon,2022,24972,LPG,682000
Tata,Nexon,2022,145535,LPG,529000
Tata,Nexon,2023,52550,Petrol,827000
Tata,Nexon,2023,4864,Petrol,1093000
Tata,Nexon,2023,33888,Petrol,1012000
Tata,Nexon,2023,101311,Petrol,899000
Tata,Nexon,2023,85811,Petrol,870000
Tata,Nexon,2023,30940,Petrol,911000
Tata,Nexon,2023,173806,Diesel,779000
Tata,Nexon,2023,71498,Diesel,1102000
Tata,Nexon,2023,114034,Diesel,917000
Tata,Nexon,2023,163400,Diesel,733000
Tata,Nexon,2023,107190,Diesel,984000
Tata,Nexon,2023,111325,Diesel,920000
Tata,Nexon,2023,149161,CNG,588000
Tata,Nexon,2023,100049,CNG,685000
Tata,Nexon,2023,129814,CNG,579000
Tata,Nexon,2023,83387,CNG,717000
Tata,Nexon,2023,107367,CNG,706000
Tata,Nexon,2023,175827,CNG,485000
Tata,Nexon,2023,63233,LPG,705000
Tata,Nexon,2023,45413,LPG,659000
Tata,Nexon,2023,136259,LPG,579000
Tata,Nexon,2023,91719,LPG,728000
Tata,Nexon,2023,163963,LPG,583000
Tata,Nexon,2023,16645,LPG,715000
Tata,Nexon,2024,169691,Petrol,652000
Tata,Nexon,2024,26878,Petrol,1194000
Tata,Nexon,2024,126645,Petrol,968000
Tata,Nexon,2024,117131,Petrol,777000
Tata,Nexon,2024,71967,Petrol,907000
Tata,Nexon,2024,23981,Petrol,1133000
Tata,Nexon,2024,103748,Diesel,1111000
Tata,Nexon,2024,108026,Diesel,1009000
Tata,Nexon,2024,139578,Diesel,842000
Tata,Nexon,2024,159623,Diesel,739000
Tata,Nexon,2024,48946,Diesel,1169000
Tata,Nexon,2024,118073,Diesel,816000
Tata,Nexon,2024,175198,CNG,658000
Tata,Nexon,2024,138830,CNG,609000
Tata,Nexon,2024,11810,CNG,951000
Tata,Nexon,2024,136837,CNG,656000
Tata,Nexon,2024,63731,CNG,811000
Tata,Nexon,2024,179691,CNG,498000
Tata,Nexon,2024,65719,LPG,796000
Tata,Nexon,2024,44273,LPG,703000
Tata,Nexon,2024,75335,LPG,805000
Tata,Nexon,2024,95570,LPG,744000
Tata,Nexon,2024,109286,LPG,702000
Tata,Nexon,2024,138723,LPG,544000
Tata,Nexon,2025,20987,Petrol,1322000
Tata,Nexon,2025,147072,Petrol,813000
Tata,Nexon,2025,149568,Petrol,966000
Tata,Nexon,2025,94251,Petrol,953000
Tata,Nexon,2025,75484,Petrol,961000
Tata,Nexon,2025,53993,Petrol,1082000
Tata,Nexon,2025,108894,Diesel,1061000
Tata,Nexon,2025,71447,Diesel,1030000
Tata,Nexon,2025,135707,Diesel,857000
Tata,Nexon,2025,21975,Diesel,1271000
Tata,Nexon,2025,92120,Diesel,1224000
Tata,Nexon,2025,137555,Diesel,1091000
Tata,Nexon,2025,144008,CNG,745000
Tata,Nexon,2025,153704,CNG,616000
Tata,Nexon,2025,119069,CNG,830000
Tata,Nexon,2025,150631,CNG,667000
Tata,Nexon,2025,66772,CNG,893000
Tata,Nexon,2025,123284,CNG,761000
Tata,Nexon,2025,156833,LPG,709000
Tata,Nexon,2025,129345,LPG,615000
Tata,Nexon,2025,20708,LPG,865000
Tata,Nexon,2025,60771,LPG,863000
Tata,Nexon,2025,63274,LPG,887000
Tata,Nexon,2025,111114,LPG,823000
Tata,Harrier,2015,138398,Petrol,579000
Tata,Harrier,2015,72035,Petrol,629000
Tata,Harrier,2015,27381,Petrol,727000
Tata,Harrier,2015,92651,Petrol,566000
Tata,Harrier,2015,49788,Petrol,709000
Tata,Harrier,2015,95677,Petrol,588000
Tata,Harrier,2015,153395,Diesel,553000
Tata,Harrier,2015,52851,Diesel,765000
Tata,Harrier,2015,55341,Diesel,702000
Tata,Harrier,2015,66453,Diesel,823000
Tata,Harrier,2015,57205,Diesel,698000
Tata,Harrier,2015,68456,Diesel,811000
Tata,Harrier,2015,96330,CNG,449000
Tata,Harrier,2015,30967,CNG,516000
Tata,Harrier,2015,23575,CNG,619000
Tata,Harrier,2015,176912,CNG,399000
Tata,Harrier,2015,4736,CNG,659000
Tata,Harrier,2015,144944,CNG,498000
Tata,Harrier,2015,129429,LPG,430000
Tata,Harrier,2015,85684,LPG,498000
Tata,Harrier,2015,153606,LPG,462000
Tata,Harrier,2015,131661,LPG,403000
Tata,Harrier,2015,136990,LPG,409000
Tata,Harrier,2015,61220,LPG,567000
Tata,Harrier,2016,36618,Petrol,700000
Tata,Harrier,2016,113933,Petrol,666000
Tata,Harrier,2016,144759,Petrol,533000
Tata,Harrier,2016,94039,Petrol,683000
Tata,Harrier,2016,48822,Petrol,773000
Tata,Harrier,2016,34553,Petrol,854000
Tata,Harrier,2016,123604,Diesel,668000
Tata,Harrier,2016,5206,Diesel,795000
Tata,Harrier,2016,58247,Diesel,799000
Tata,Harrier,2016,29410,Diesel,837000
Tata,Harrier,2016,163636,Diesel,697000
Tata,Harrier,2016,52060,Diesel,851000
Tata,Harrier,2016,65164,CNG,549000
Tata,Harrier,2016,163716,CNG,434000
Tata,Harrier,2016,51211,CNG,607000
Tata,Harrier,2016,58189,CNG,584000
Tata,Harrier,2016,100598,CNG,519000
Tata,Harrier,2016,108012,CNG,497000
Tata,Harrier,2016,50156,LPG,606000
Tata,Harrier,2016,153966,LPG,481000
Tata,Harrier,2016,29180,LPG,661000
Tata,Harrier,2016,64814,LPG,583000
Tata,Harrier,2016,102846,LPG,477000
Tata,Harrier,2016,42203,LPG,599000
Tata,Harrier,2017,5553,Petrol,847000
Tata,Harrier,2017,133966,Petrol,619000
Tata,Harrier,2017,168321,Petrol,631000
Tata,Harrier,2017,85766,Petrol,849000
Tata,Harrier,2017,81652,Petrol,734000
Tata,Harrier,2017,151854,Petrol,572000
Tata,Harrier,2017,28945,Diesel,1016000
Tata,Harrier,2017,18738,Diesel,902000
Tata,Harrier,2017,69660,Diesel,873000
Tata,Harrier,2017,168114,Diesel,598000
Tata,Harrier,2017,90728,Diesel,778000
Tata,Harrier,2017,97452,Diesel,837000
Tata,Harrier,2017,70558,CNG,605000
Tata,Harrier,2017,110940,CNG,511000
Tata,Harrier,2017,161748,CNG,455000
Tata,Harrier,2017,153967,CNG,533000
Tata,Harrier,2017,144148,CNG,475000
Tata,Harrier,2017,77608,CNG,597000
Tata,Harrier,2017,179473,LPG,462000
Tata,Harrier,2017,120160,LPG,608000
Tata,Harrier,2017,102895,LPG,590000
Tata,Harrier,2017,124569,LPG,561000
Tata,Harrier,2017,40971,LPG,731000
Tata,Harrier,2017,170924,LPG,516000
Tata,Harrier,2018,91444,Petrol,821000
Tata,Harrier,2018,163513,Petrol,706000
Tata,Harrier,2018,21702,Petrol,863000
Tata,Harrier,2018,93079,Petrol,770000
Tata,Harrier,2018,86067,Petrol,889000
Tata,Harrier,2018,73116,Petrol,904000
Tata,Harrier,2018,106666,Diesel,815000
Tata,Harrier,2018,119627,Diesel,914000
Tata,Harrier,2018,98201,Diesel,956000
Tata,Harrier,2018,139560,Diesel,909000
Tata,Harrier,2018,111524,Diesel,779000
Tata,Harrier,2018,9055,Diesel,971000
Tata,Harrier,2018,64506,CNG,731000
Tata,Harrier,2018,23988,CNG,699000
Tata,Harrier,2018,107083,CNG,557000
Tata,Harrier,2018,19722,CNG,868000
Tata,Harrier,2018,127042,CNG,606000
Tata,Harrier,2018,9911,CNG,848000
Tata,Harrier,2018,140358,LPG,605000
Tata,Harrier,2018,24823,LPG,657000
Tata,Harrier,2018,165031,LPG,471000
Tata,Harrier,2018,174660,LPG,572000
Tata,Harrier,2018,105195,LPG,583000
Tata,Harrier,2018,67853,LPG,722000
Tata,Harrier,2019,119171,Petrol,879000
Tata,Harrier,2019,37413,Petrol,1038000
Tata,Harrier,2019,47723,Petrol,868000
Tata,Harrier,2019,176945,Petrol,689000
Tata,Harrier,2019,88249,Petrol,1014000
Tata,Harrier,2019,125471,Petrol,949000
Tata,Harrier,2019,144710,Diesel,962000
Tata,Harrier,2019,146797,Diesel,835000
Tata,Harrier,2019,144371,Diesel,775000
Tata,Harrier,2019,159653,Diesel,808000
Tata,Harrier,2019,169684,Diesel,881000
Tata,Harrier,2019,117026,Diesel,927000
Tata,Harrier,2019,170648,CNG,577000
Tata,Harrier,2019,94008,CNG,701000
Tata,Harrier,2019,62540,CNG,827000
Tata,Harrier,2019,118831,CNG,625000
Tata,Harrier,2019,111056,CNG,628000
Tata,Harrier,2019,82579,CNG,621000
Tata,Harrier,2019,140184,LPG,665000
Tata,Harrier,2019,38730,LPG,745000
Tata,Harrier,2019,125997,LPG,639000
Tata,Harrier,2019,131956,LPG,704000
Tata,Harrier,2019,128060,LPG,592000
Tata,Harrier,2019,115836,LPG,706000
Tata,Harrier,2020,159500,Petrol,754000
Tata,Harrier,2020,4892,Petrol,1206000
Tata,Harrier,2020,52432,Petrol,1048000
Tata,Harrier,2020,149945,Petrol,826000
Tata,Harrier,2020,68508,Petrol,935000
Tata,Harrier,2020,172342,Petrol,762000
Tata,Harrier,2020,102184,Diesel,948000
Tata,Harrier,2020,23764,Diesel,1208000
Tata,Harrier,2020,65799,Diesel,1132000
Tata,Harrier,2020,163750,Diesel,951000
Tata,Harrier,2020,74267,Diesel,1035000
Tata,Harrier,2020,142445,Diesel,1011000
Tata,Harrier,2020,111240,CNG,662000
Tata,Harrier,2020,20947,CNG,815000
Tata,Harrier,2020,78915,CNG,700000
Tata,Harrier,2020,122365,CNG,732000
Tata,Harrier,2020,74338,CNG,844000
Tata,Harrier,2020,131973,CNG,627000
Tata,Harrier,2020,8084,LPG,807000
Tata,Harrier,2020,143239,LPG,561000
Tata,Harrier,2020,29810,LPG,804000
Tata,Harrier,2020,35778,LPG,901000
Tata,Harrier,2020,5150,LPG,833000
Tata,Harrier,2020,42500,LPG,717000
Tata,Harrier,2021,59934,Petrol,1086000
Tata,Harrier,2021,84677,Petrol,1164000
Tata,Harrier,2021,133651,Petrol,1085000
Tata,Harrier,2021,124552,Petrol,1027000
Tata,Harrier,2021,11319,Petrol,1201000
Tata,Harrier,2021,41296,Petrol,1033000
Tata,Harrier,2021,105871,Diesel,963000
Tata,Harrier,2021,126246,Diesel,947000
Tata,Harrier,2021,68556,Diesel,1316000
Tata,Harrier,2021,6307,Diesel,1227000
Tata,Harrier,2021,68263,Diesel,1165000
Tata,Harrier,2021,119119,Diesel,986000
Tata,Harrier,2021,11784,CNG,899000
Tata,Harrier,2021,27631,CNG,959000
Tata,Harrier,2021,57643,CNG,885000
Tata,Harrier,2021,84817,CNG,944000
Tata,Harrier,2021,44579,CNG,953000
Tata,Harrier,2021,14058,CNG,1050000
Tata,Harrier,2021,147069,LPG,698000
Tata,Harrier,2021,69404,LPG,842000
Tata,Harrier,2021,81332,LPG,751000
Tata,Harrier,2021,16654,LPG,1051000
Tata,Harrier,2021,60091,LPG,984000
Tata,Harrier,2021,64857,LPG,888000
Tata,Harrier,2022,88069,Petrol,982000
Tata,Harrier,2022,75377,Petrol,1208000
Tata,Harrier,2022,106758,Petrol,1184000
Tata,Harrier,2022,5340,Petrol,1561000
Tata,Harrier,2022,155325,Petrol,1036000
Tata,Harrier,2022,127589,Petrol,1091000
Tata,Harrier,2022,43630,Diesel,1317000
Tata,Harrier,2022,26456,Diesel,1316000
Tata,Harrier,2022,134050,Diesel,967000
Tata,Harrier,2022,165174,Diesel,957000
Tata,Harrier,2022,166874,Diesel,871000
Tata,Harrier,2022,96196,Diesel,1262000
Tata,Harrier,2022,143601,CNG,837000
Tata,Harrier,2022,35984,CNG,1001000
Tata,Harrier,2022,86031,CNG,1022000
Tata,Harrier,2022,171990,CNG,763000
Tata,Harrier,2022,118007,CNG,883000
Tata,Harrier,2022,8597,CNG,1123000
Tata,Harrier,2022,96891,LPG,906000
Tata,Harrier,2022,68718,LPG,1016000
Tata,Harrier,2022,130219,LPG,827000
Tata,Harrier,2022,149544,LPG,695000
Tata,Harrier,2022,131474,LPG,707000
Tata,Harrier,2022,51923,LPG,958000
Tata,Harrier,2023,87850,Petrol,1308000
Tata,Harrier,2023,75174,Petrol,1398000
Tata,Harrier,2023,159940,Petrol,1133000
Tata,Harrier,2023,148364,Petrol,942000
Tata,Harrier,2023,142234,Petrol,957000
Tata,Harrier,2023,80508,Petrol,1363000
Tata,Harrier,2023,144978,Diesel,1096000
Tata,Harrier,2023,3188,Diesel,1724000
Tata,Harrier,2023,135633,Diesel,1129000
Tata,Harrier,2023,51636,Diesel,1600000
Tata,Harrier,2023,165459,Diesel,1186000
Tata,Harrier,2023,165581,Diesel,992000
Tata,Harrier,2023,19604,CNG,1166000
Tata,Harrier,2023,144284,CNG,902000
Tata,Harrier,2023,52773,CNG,1045000
Tata,Harrier,2023,133429,CNG,916000
Tata,Harrier,2023,43404,CNG,1094000
Tata,Harrier,2023,87567,CNG,931000
Tata,Harrier,2023,87416,LPG,827000
Tata,Harrier,2023,140153,LPG,851000
Tata,Harrier,2023,14475,LPG,1204000
Tata,Harrier,2023,37019,LPG,948000
Tata,Harrier,2023,11198,LPG,1009000
Tata,Harrier,2023,130236,LPG,761000
Tata,Harrier,2024,11340,Petrol,1585000
Tata,Harrier,2024,104868,Petrol,1313000
Tata,Harrier,2024,140840,Petrol,1182000
Tata,Harrier,2024,157743,Petrol,1010000
Tata,Harrier,2024,99037,Petrol,1170000
Tata,Harrier,2024,21579,Petrol,1304000
Tata,Harrier,2024,57719,Diesel,1586000
Tata,Harrier,2024,23960,Diesel,1618000
Tata,Harrier,2024,170488,Diesel,986000
Tata,Harrier,2024,149281,Diesel,1289000
Tata,Harrier,2024,112039,Diesel,1456000
Tata,Harrier,2024,18283,Diesel,1809000
Tata,Harrier,2024,72681,CNG,1068000
Tata,Harrier,2024,21451,CNG,1301000
Tata,Harrier,2024,23430,CNG,1334000
Tata,Harrier,2024,139179,CNG,789000
Tata,Harrier,2024,63559,CNG,1092000
Tata,Harrier,2024,52665,CNG,1009000
Tata,Harrier,2024,175196,LPG,727000
Tata,Harrier,2024,166925,LPG,909000
Tata,Harrier,2024,149387,LPG,908000
Tata,Harrier,2024,111838,LPG,1004000
Tata,Harrier,2024,170411,LPG,814000
Tata,Harrier,2024,179814,LPG,764000
Tata,Harrier,2025,177389,Petrol,1070000
Tata,Harrier,2025,30289,Petrol,1437000
Tata,Harrier,2025,50289,Petrol,1545000
Tata,Harrier,2025,135302,Petrol,1177000
Tata,Harrier,2025,44465,Petrol,1558000
Tata,Harrier,2025,160264,Petrol,1132000
Tata,Harrier,2025,95359,Diesel,1654000
Tata,Harrier,2025,147200,Diesel,1475000
Tata,Harrier,2025,88106,Diesel,1658000
Tata,Harrier,2025,111093,Diesel,1532000
Tata,Harrier,2025,115876,Diesel,1539000
Tata,Harrier,2025,87790,Diesel,1556000
Tata,Harrier,2025,150625,CNG,935000
Tata,Harrier,2025,101320,CNG,1135000
Tata,Harrier,2025,69607,CNG,1091000
Tata,Harrier,2025,121594,CNG,984000
Tata,Harrier,2025,107094,CNG,887000
Tata,Harrier,2025,12086,CNG,1470000
Tata,Harrier,2025,159175,LPG,754000
Tata,Harrier,2025,38411,LPG,1359000
Tata,Harrier,2025,82125,LPG,921000
Tata,Harrier,2025,61166,LPG,1036000
Tata,Harrier,2025,85550,LPG,918000
Tata,Harrier,2025,75340,LPG,1227000
Tata,Punch,2015,137026,Petrol,329000
Tata,Punch,2015,152844,Petrol,279000
Tata,Punch,2015,12892,Petrol,430000
Tata,Punch,2015,43922,Petrol,364000
Tata,Punch,2015,99228,Petrol,398000
Tata,Punch,2015,68498,Petrol,355000
Tata,Punch,2015,81722,Diesel,355000
Tata,Punch,2015,107804,Diesel,386000
Tata,Punch,2015,59999,Diesel,453000
Tata,Punch,2015,88116,Diesel,431000
Tata,Punch,2015,48325,Diesel,434000
Tata,Punch,2015,154055,Diesel,364000
Tata,Punch,2015,27999,CNG,338000
Tata,Punch,2015,81746,CNG,252000
Tata,Punch,2015,154069,CNG,232000
Tata,Punch,2015,17659,CNG,377000
Tata,Punch,2015,90658,CNG,272000
Tata,Punch,2015,116850,CNG,260000
Tata,Punch,2015,34598,LPG,350000
Tata,Punch,2015,62432,LPG,318000
Tata,Punch,2015,160889,LPG,259000
Tata,Punch,2015,169169,LPG,243000
Tata,Punch,2015,103266,LPG,234000
Tata,Punch,2015,140463,LPG,211000
Tata,Punch,2016,144539,Petrol,354000
Tata,Punch,2016,88676,Petrol,402000
Tata,Punch,2016,60880,Petrol,386000
Tata,Punch,2016,179589,Petrol,334000
Tata,Punch,2016,105991,Petrol,438000
Tata,Punch,2016,159010,Petrol,340000
Tata,Punch,2016,26614,Diesel,459000
Tata,Punch,2016,78964,Diesel,481000
Tata,Punch,2016,41800,Diesel,432000
Tata,Punch,2016,24638,Diesel,498000
Tata,Punch,2016,15926,Diesel,518000
Tata,Punch,2016,71827,Diesel,397000
Tata,Punch,2016,134549,CNG,273000
Tata,Punch,2016,37177,CNG,380000
Tata,Punch,2016,129070,CNG,288000
Tata,Punch,2016,130889,CNG,273000
Tata,Punch,2016,152770,CNG,241000
Tata,Punch,2016,164479,CNG,293000
Tata,Punch,2016,140428,LPG,247000
Tata,Punch,2016,21781,LPG,331000
Tata,Punch,2016,115739,LPG,271000
Tata,Punch,2016,153999,LPG,226000
Tata,Punch,2016,179094,LPG,232000
Tata,Punch,2016,98752,LPG,285000
Tata,Punch,2017,87079,Petrol,420000
Tata,Punch,2017,174811,Petrol,298000
Tata,Punch,2017,82906,Petrol,402000
Tata,Punch,2017,94676,Petrol,446000
Tata,Punch,2017,118922,Petrol,421000
Tata,Punch,2017,118464,Petrol,353000
Tata,Punch,2017,64207,Diesel,458000
Tata,Punch,2017,100994,Diesel,413000
Tata,Punch,2017,25495,Diesel,484000
Tata,Punch,2017,17296,Diesel,514000
Tata,Punch,2017,165792,Diesel,432000
Tata,Punch,2017,78414,Diesel,416000
Tata,Punch,2017,32170,CNG,367000
Tata,Punch,2017,126519,CNG,267000
Tata,Punch,2017,57790,CNG,393000
Tata,Punch,2017,58541,CNG,335000
Tata,Punch,2017,140171,CNG,321000
Tata,Punch,2017,146864,CNG,292000
Tata,Punch,2017,40053,LPG,394000
Tata,Punch,2017,178180,LPG,224000
Tata,Punch,2017,155831,LPG,312000
Tata,Punch,2017,141097,LPG,252000
Tata,Punch,2017,47648,LPG,319000
Tata,Punch,2017,55611,LPG,390000
Tata,Punch,2018,164995,Petrol,362000
Tata,Punch,2018,124886,Petrol,454000
Tata,Punch,2018,5184,Petrol,500000
Tata,Punch,2018,176112,Petrol,350000
Tata,Punch,2018,176041,Petrol,360000
Tata,Punch,2018,31283,Petrol,466000
Tata,Punch,2018,173239,Diesel,395000
Tata,Punch,2018,102798,Diesel,498000
Tata,Punch,2018,29110,Diesel,658000
Tata,Punch,2018,130051,Diesel,512000
Tata,Punch,2018,142345,Diesel,393000
Tata,Punch,2018,55133,Diesel,556000
Tata,Punch,2018,123058,CNG,346000
Tata,Punch,2018,8633,CNG,384000
Tata,Punch,2018,141783,CNG,305000
Tata,Punch,2018,131432,CNG,322000
Tata,Punch,2018,44157,CNG,354000
Tata,Punch,2018,95251,CNG,350000
Tata,Punch,2018,82253,LPG,339000
Tata,Punch,2018,134400,LPG,301000
Tata,Punch,2018,19255,LPG,438000
Tata,Punch,2018,104494,LPG,387000
Tata,Punch,2018,10724,LPG,486000
Tata,Punch,2018,76451,LPG,343000
Tata,Punch,2019,92597,Petrol,570000
Tata,Punch,2019,175210,Petrol,364000
Tata,Punch,2019,103193,Petrol,500000
Tata,Punch,2019,163549,Petrol,467000
Tata,Punch,2019,62618,Petrol,535000
Tata,Punch,2019,153181,Petrol,391000
Tata,Punch,2019,84889,Diesel,629000
Tata,Punch,2019,89320,Diesel,548000
Tata,Punch,2019,37543,Diesel,572000
Tata,Punch,2019,39327,Diesel,638000
Tata,Punch,2019,56034,Diesel,664000
Tata,Punch,2019,84002,Diesel,594000
Tata,Punch,2019,140312,CNG,394000
Tata,Punch,2019,115738,CNG,430000
Tata,Punch,2019,41050,CNG,469000
Tata,Punch,2019,151070,CNG,382000
Tata,Punch,2019,86229,CNG,354000
Tata,Punch,2019,142712,CNG,395000
Tata,Punch,2019,34034,LPG,403000
Tata,Punch,2019,41147,LPG,466000
Tata,Punch,2019,86542,LPG,437000
Tata,Punch,2019,111538,LPG,420000
Tata,Punch,2019,82520,LPG,391000
Tata,Punch,2019,169945,LPG,354000
Tata,Punch,2020,74774,Petrol,517000
Tata,Punch,2020,52265,Petrol,536000
Tata,Punch,2020,51430,Petrol,523000
Tata,Punch,2020,163427,Petrol,471000
Tata,Punch,2020,161755,Petrol,466000
Tata,Punch,2020,63532,Petrol,607000
Tata,Punch,2020,63532,Diesel,672000
Tata,Punch,2020,97178,Diesel,516000
Tata,Punch,2020,127938,Diesel,486000
Tata,Punch,2020,161521,Diesel,490000
Tata,Punch,2020,173280,Diesel,460000
Tata,Punch,2020,104570,Diesel,576000
Tata,Punch,2020,39048,CNG,439000
Tata,Punch,2020,62316,CNG,399000
Tata,Punch,2020,6935,CNG,585000
Tata,Punch,2020,111277,CNG,377000
Tata,Punch,2020,178987,CNG,387000
Tata,Punch,2020,56624,CNG,409000
Tata,Punch,2020,118155,LPG,435000
Tata,Punch,2020,131435,LPG,400000
Tata,Punch,2020,122942,LPG,431000
Tata,Punch,2020,115081,LPG,385000
Tata,Punch,2020,13964,LPG,515000
Tata,Punch,2020,102712,LPG,435000
Tata,Punch,2021,106324,Petrol,592000
Tata,Punch,2021,152929,Petrol,519000
Tata,Punch,2021,140686,Petrol,545000
Tata,Punch,2021,13095,Petrol,713000
Tata,Punch,2021,121386,Petrol,544000
Tata,Punch,2021,14119,Petrol,785000
Tata,Punch,2021,67414,Diesel,684000
Tata,Punch,2021,106707,Diesel,706000
Tata,Punch,2021,13289,Diesel,778000
Tata,Punch,2021,138299,Diesel,613000
Tata,Punch,2021,15922,Diesel,692000
Tata,Punch,2021,118226,Diesel,583000
Tata,Punch,2021,82837,CNG,512000
Tata,Punch,2021,77950,CNG,474000
Tata,Punch,2021,113745,CNG,412000
Tata,Punch,2021,17299,CNG,579000
Tata,Punch,2021,40287,CNG,517000
Tata,Punch,2021,172371,CNG,367000
Tata,Punch,2021,134244,LPG,359000
Tata,Punch,2021,156471,LPG,429000
Tata,Punch,2021,146237,LPG,350000
Tata,Punch,2021,111412,LPG,408000
Tata,Punch,2021,9530,LPG,492000
Tata,Punch,2021,157747,LPG,422000
Tata,Punch,2022,55935,Petrol,771000
Tata,Punch,2022,26640,Petrol,686000
Tata,Punch,2022,173020,Petrol,572000
Tata,Punch,2022,45990,Petrol,755000
Tata,Punch,2022,35386,Petrol,640000
Tata,Punch,2022,120807,Petrol,616000
Tata,Punch,2022,25362,Diesel,807000
Tata,Punch,2022,103686,Diesel,713000
Tata,Punch,2022,137130,Diesel,633000
Tata,Punch,2022,44916,Diesel,741000
Tata,Punch,2022,102773,Diesel,581000
Tata,Punch,2022,47796,Diesel,855000
Tata,Punch,2022,151240,CNG,471000
Tata,Punch,2022,42345,CNG,503000
Tata,Punch,2022,40907,CNG,507000
Tata,Punch,2022,16450,CNG,576000
Tata,Punch,2022,84138,CNG,541000
Tata,Punch,2022,119983,CNG,435000
Tata,Punch,2022,50368,LPG,475000
Tata,Punch,2022,37490,LPG,623000
Tata,Punch,2022,3926,LPG,610000
Tata,Punch,2022,69351,LPG,439000
Tata,Punch,2022,133450,LPG,481000
Tata,Punch,2022,145475,LPG,459000
Tata,Punch,2023,162379,Petrol,628000
Tata,Punch,2023,65358,Petrol,668000
Tata,Punch,2023,175876,Petrol,539000
Tata,Punch,2023,110518,Petrol,641000
Tata,Punch,2023,160605,Petrol,585000
Tata,Punch,2023,67150,Petrol,805000
Tata,Punch,2023,75905,Diesel,793000
Tata,Punch,2023,149158,Diesel,693000
Tata,Punch,2023,57430,Diesel,695000
Tata,Punch,2023,41864,Diesel,721000
Tata,Punch,2023,94493,Diesel,634000
Tata,Punch,2023,11501,Diesel,926000
Tata,Punch,2023,161147,CNG,416000
Tata,Punch,2023,25990,CNG,538000
Tata,Punch,2023,112302,CNG,579000
Tata,Punch,2023,45293,CNG,623000
Tata,Punch,2023,163193,CNG,460000
Tata,Punch,2023,158967,CNG,455000
Tata,Punch,2023,150371,LPG,403000
Tata,Punch,2023,122364,LPG,515000
Tata,Punch,2023,97421,LPG,577000
Tata,Punch,2023,27412,LPG,648000
Tata,Punch,2023,87625,LPG,505000
Tata,Punch,2023,102336,LPG,553000
Tata,Punch,2024,115020,Petrol,757000
Tata,Punch,2024,20019,Petrol,807000
Tata,Punch,2024,38270,Petrol,735000
Tata,Punch,2024,74937,Petrol,722000
Tata,Punch,2024,111464,Petrol,700000
Tata,Punch,2024,57801,Petrol,817000
Tata,Punch,2024,31652,Diesel,923000
Tata,Punch,2024,167882,Diesel,647000
Tata,Punch,2024,25982,Diesel,911000
Tata,Punch,2024,161538,Diesel,736000
Tata,Punch,2024,78284,Diesel,797000
Tata,Punch,2024,85965,Diesel,744000
Tata,Punch,2024,153770,CNG,553000
Tata,Punch,2024,95760,CNG,634000
Tata,Punch,2024,164032,CNG,477000
Tata,Punch,2024,139237,CNG,537000
Tata,Punch,2024,133479,CNG,510000
Tata,Punch,2024,50161,CNG,698000
Tata,Punch,2024,64006,LPG,629000
Tata,Punch,2024,53739,LPG,519000
Tata,Punch,2024,9287,LPG,660000
Tata,Punch,2024,33913,LPG,677000
Tata,Punch,2024,57350,LPG,654000
Tata,Punch,2024,111693,LPG,515000
Tata,Punch,2025,90501,Petrol,747000
Tata,Punch,2025,170117,Petrol,576000
Tata,Punch,2025,170934,Petrol,573000
Tata,Punch,2025,76826,Petrol,749000
Tata,Punch,2025,20782,Petrol,863000
Tata,Punch,2025,135825,Petrol,705000
Tata,Punch,2025,4607,Diesel,905000
Tata,Punch,2025,90368,Diesel,805000
Tata,Punch,2025,152139,Diesel,741000
Tata,Punch,2025,10632,Diesel,1105000
Tata,Punch,2025,53860,Diesel,873000
Tata,Punch,2025,91588,Diesel,945000
Tata,Punch,2025,128595,CNG,619000
Tata,Punch,2025,12321,CNG,756000
Tata,Punch,2025,129221,CNG,496000
Tata,Punch,2025,123748,CNG,624000
Tata,Punch,2025,143762,CNG,591000
Tata,Punch,2025,124233,CNG,605000
Tata,Punch,2025,111515,LPG,633000
Tata,Punch,2025,17685,LPG,767000
Tata,Punch,2025,81471,LPG,618000
Tata,Punch,2025,85707,LPG,610000
Tata,Punch,2025,7906,LPG,653000
Tata,Punch,2025,89958,LPG,646000
Tata,Safari,2015,95692,Petrol,622000
Tata,Safari,2015,42139,Petrol,755000
Tata,Safari,2015,11171,Petrol,821000
Tata,Safari,2015,101367,Petrol,728000
Tata,Safari,2015,46507,Petrol,815000
Tata,Safari,2015,105122,Petrol,632000
Tata,Safari,2015,33630,Diesel,981000
Tata,Safari,2015,83814,Diesel,839000
Tata,Safari,2015,85444,Diesel,837000
Tata,Safari,2015,74171,Diesel,790000
Tata,Safari,2015,133299,Diesel,774000
Tata,Safari,2015,100408,Diesel,749000
Tata,Safari,2015,82332,CNG,526000
Tata,Safari,2015,82250,CNG,520000
Tata,Safari,2015,101098,CNG,593000
Tata,Safari,2015,55978,CNG,683000
Tata,Safari,2015,119332,CNG,524000
Tata,Safari,2015,129527,CNG,569000
Tata,Safari,2015,43390,LPG,556000
Tata,Safari,2015,129739,LPG,529000
Tata,Safari,2015,140265,LPG,455000
Tata,Safari,2015,88809,LPG,493000
Tata,Safari,2015,28756,LPG,690000
Tata,Safari,2015,138304,LPG,509000
Tata,Safari,2016,37791,Petrol,815000
Tata,Safari,2016,12582,Petrol,929000
Tata,Safari,2016,139929,Petrol,617000
Tata,Safari,2016,84521,Petrol,902000
Tata,Safari,2016,158788,Petrol,729000
Tata,Safari,2016,90369,Petrol,782000
Tata,Safari,2016,15095,Diesel,893000
Tata,Safari,2016,175748,Diesel,724000
Tata,Safari,2016,8893,Diesel,1046000
Tata,Safari,2016,84826,Diesel,900000
Tata,Safari,2016,58009,Diesel,872000
Tata,Safari,2016,53474,Diesel,872000
Tata,Safari,2016,142532,CNG,509000
Tata,Safari,2016,118635,CNG,602000
Tata,Safari,2016,74474,CNG,575000
Tata,Safari,2016,74732,CNG,568000
Tata,Safari,2016,166301,CNG,511000
Tata,Safari,2016,29837,CNG,647000
Tata,Safari,2016,94833,LPG,602000
Tata,Safari,2016,74054,LPG,559000
Tata,Safari,2016,77256,LPG,633000
Tata,Safari,2016,47898,LPG,580000
Tata,Safari,2016,163763,LPG,549000
Tata,Safari,2016,144709,LPG,512000
Tata,Safari,2017,37098,Petrol,840000
Tata,Safari,2017,16226,Petrol,900000
Tata,Safari,2017,17103,Petrol,893000
Tata,Safari,2017,105738,Petrol,751000
Tata,Safari,2017,159269,Petrol,798000
Tata,Safari,2017,168011,Petrol,766000
Tata,Safari,2017,119873,Diesel,892000
Tata,Safari,2017,84904,Diesel,897000
Tata,Safari,2017,54943,Diesel,1073000
Tata,Safari,2017,178864,Diesel,795000
Tata,Safari,2017,23590,Diesel,1231000
Tata,Safari,2017,125079,Diesel,868000
Tata,Safari,2017,27357,CNG,846000
Tata,Safari,2017,125755,CNG,542000
Tata,Safari,2017,84367,CNG,718000
Tata,Safari,2017,125000,CNG,610000
Tata,Safari,2017,61666,CNG,644000
Tata,Safari,2017,164727,CNG,511000
Tata,Safari,2017,98276,LPG,622000
Tata,Safari,2017,177373,LPG,490000
Tata,Safari,2017,88134,LPG,649000
Tata,Safari,2017,10933,LPG,683000
Tata,Safari,2017,32592,LPG,715000
Tata,Safari,2017,123911,LPG,661000
Tata,Safari,2018,76992,Petrol,1042000
Tata,Safari,2018,161450,Petrol,790000
Tata,Safari,2018,136155,Petrol,735000
Tata,Safari,2018,31044,Petrol,1017000
Tata,Safari,2018,173249,Petrol,653000
Tata,Safari,2018,82198,Petrol,963000
Tata,Safari,2018,108071,Diesel,992000
Tata,Safari,2018,65541,Diesel,1109000
Tata,Safari,2018,146641,Diesel,785000
Tata,Safari,2018,129451,Diesel,883000
Tata,Safari,2018,92316,Diesel,920000
Tata,Safari,2018,157919,Diesel,827000
Tata,Safari,2018,117125,CNG,695000
Tata,Safari,2018,92705,CNG,735000
Tata,Safari,2018,64906,CNG,701000
Tata,Safari,2018,178532,CNG,502000
Tata,Safari,2018,153520,CNG,678000
Tata,Safari,2018,32969,CNG,854000
Tata,Safari,2018,124348,LPG,619000
Tata,Safari,2018,28599,LPG,895000
Tata,Safari,2018,49182,LPG,739000
Tata,Safari,2018,109376,LPG,593000
Tata,Safari,2018,31506,LPG,857000
Tata,Safari,2018,159344,LPG,638000
Tata,Safari,2019,102329,Petrol,934000
Tata,Safari,2019,172080,Petrol,849000
Tata,Safari,2019,26732,Petrol,1074000
Tata,Safari,2019,39416,Petrol,1268000
Tata,Safari,2019,169758,Petrol,890000
Tata,Safari,2019,41463,Petrol,1187000
Tata,Safari,2019,121744,Diesel,1020000
Tata,Safari,2019,105231,Diesel,1090000
Tata,Safari,2019,120220,Diesel,925000
Tata,Safari,2019,85994,Diesel,1041000
Tata,Safari,2019,82835,Diesel,1250000
Tata,Safari,2019,116961,Diesel,1088000
Tata,Safari,2019,93246,CNG,897000
Tata,Safari,2019,155758,CNG,569000
Tata,Safari,2019,136804,CNG,681000
Tata,Safari,2019,36437,CNG,986000
Tata,Safari,2019,19360,CNG,892000
Tata,Safari,2019,146886,CNG,774000
Tata,Safari,2019,3221,LPG,989000
Tata,Safari,2019,97173,LPG,671000
Tata,Safari,2019,76979,LPG,880000
Tata,Safari,2019,64667,LPG,802000
Tata,Safari,2019,157707,LPG,624000
Tata,Safari,2019,86395,LPG,825000
Tata,Safari,2020,109439,Petrol,1007000
Tata,Safari,2020,145899,Petrol,866000
Tata,Safari,2020,48458,Petrol,1197000
Tata,Safari,2020,52342,Petrol,1214000
Tata,Safari,2020,97447,Petrol,1181000
Tata,Safari,2020,43440,Petrol,1144000
Tata,Safari,2020,178653,Diesel,825000
Tata,Safari,2020,6041,Diesel,1247000
Tata,Safari,2020,7117,Diesel,1274000
Tata,Safari,2020,130585,Diesel,1114000
Tata,Safari,2020,38592,Diesel,1169000
Tata,Safari,2020,171360,Diesel,1032000
Tata,Safari,2020,122545,CNG,876000
Tata,Safari,2020,161447,CNG,793000
Tata,Safari,2020,166380,CNG,630000
Tata,Safari,2020,136540,CNG,740000
Tata,Safari,2020,120976,CNG,763000
Tata,Safari,2020,62176,CNG,828000
Tata,Safari,2020,161485,LPG,588000
Tata,Safari,2020,133588,LPG,819000
Tata,Safari,2020,65062,LPG,937000
Tata,Safari,2020,73582,LPG,843000
Tata,Safari,2020,146174,LPG,734000
Tata,Safari,2020,11771,LPG,1129000
Tata,Safari,2021,151937,Petrol,995000
Tata,Safari,2021,99620,Petrol,1021000
Tata,Safari,2021,129230,Petrol,1209000
Tata,Safari,2021,23988,Petrol,1225000
Tata,Safari,2021,140994,Petrol,1177000
Tata,Safari,2021,76248,Petrol,1205000
Tata,Safari,2021,23508,Diesel,1489000
Tata,Safari,2021,162926,Diesel,921000
Tata,Safari,2021,126850,Diesel,1202000
Tata,Safari,2021,176994,Diesel,1137000
Tata,Safari,2021,23468,Diesel,1558000
Tata,Safari,2021,144347,Diesel,1200000
Tata,Safari,2021,84919,CNG,961000
Tata,Safari,2021,93058,CNG,921000
Tata,Safari,2021,5826,CNG,1098000
Tata,Safari,2021,137391,CNG,909000
Tata,Safari,2021,153461,CNG,830000
Tata,Safari,2021,113366,CNG,830000
Tata,Safari,2021,80232,LPG,860000
Tata,Safari,2021,12260,LPG,1126000
Tata,Safari,2021,159666,LPG,797000
Tata,Safari,2021,150772,LPG,710000
Tata,Safari,2021,167967,LPG,719000
Tata,Safari,2021,47323,LPG,1010000
Tata,Safari,2022,175050,Petrol,1146000
Tata,Safari,2022,166660,Petrol,887000
Tata,Safari,2022,130076,Petrol,1002000
Tata,Safari,2022,135538,Petrol,986000
Tata,Safari,2022,75836,Petrol,1214000
Tata,Safari,2022,164427,Petrol,969000
Tata,Safari,2022,70359,Diesel,1229000
Tata,Safari,2022,32242,Diesel,1606000
Tata,Safari,2022,158128,Diesel,1218000
Tata,Safari,2022,175793,Diesel,1063000
Tata,Safari,2022,48979,Diesel,1398000
Tata,Safari,2022,64917,Diesel,1443000
Tata,Safari,2022,141251,CNG,954000
Tata,Safari,2022,92875,CNG,1118000
Tata,Safari,2022,41029,CNG,1135000
Tata,Safari,2022,43409,CNG,1207000
Tata,Safari,2022,111251,CNG,1009000
Tata,Safari,2022,65376,CNG,1095000
Tata,Safari,2022,170136,LPG,698000
Tata,Safari,2022,154455,LPG,865000
Tata,Safari,2022,93459,LPG,829000
Tata,Safari,2022,72309,LPG,1077000
Tata,Safari,2022,33407,LPG,951000
Tata,Safari,2022,124638,LPG,854000
Tata,Safari,2023,82001,Petrol,1371000
Tata,Safari,2023,142597,Petrol,1089000
Tata,Safari,2023,105254,Petrol,1295000
Tata,Safari,2023,41050,Petrol,1530000
Tata,Safari,2023,116962,Petrol,1086000
Tata,Safari,2023,120655,Petrol,1210000
Tata,Safari,2023,85755,Diesel,1677000
Tata,Safari,2023,13752,Diesel,1532000
Tata,Safari,2023,142275,Diesel,1328000
Tata,Safari,2023,116190,Diesel,1414000
Tata,Safari,2023,173935,Diesel,1285000
Tata,Safari,2023,90809,Diesel,1362000
Tata,Safari,2023,28762,CNG,1128000
Tata,Safari,2023,156138,CNG,858000
Tata,Safari,2023,66385,CNG,1194000
Tata,Safari,2023,157330,CNG,953000
Tata,Safari,2023,139302,CNG,885000
Tata,Safari,2023,50164,CNG,1096000
Tata,Safari,2023,5772,LPG,1303000
Tata,Safari,2023,20813,LPG,1032000
Tata,Safari,2023,28611,LPG,1192000
Tata,Safari,2023,119901,LPG,913000
Tata,Safari,2023,77264,LPG,985000
Tata,Safari,2023,11923,LPG,1056000
Tata,Safari,2024,27101,Petrol,1454000
Tata,Safari,2024,158749,Petrol,1260000
Tata,Safari,2024,59839,Petrol,1758000
Tata,Safari,2024,170269,Petrol,1036000
Tata,Safari,2024,34451,Petrol,1445000
Tata,Safari,2024,161514,Petrol,1066000
Tata,Safari,2024,175069,Diesel,1334000
Tata,Safari,2024,172844,Diesel,1271000
Tata,Safari,2024,51435,Diesel,1907000
Tata,Safari,2024,51303,Diesel,1588000
Tata,Safari,2024,125409,Diesel,1495000
Tata,Safari,2024,22848,Diesel,1893000
Tata,Safari,2024,75452,CNG,1261000
Tata,Safari,2024,178001,CNG,956000
Tata,Safari,2024,87778,CNG,1055000
Tata,Safari,2024,22397,CNG,1230000
Tata,Safari,2024,19354,CNG,1278000
Tata,Safari,2024,90203,CNG,1291000
Tata,Safari,2024,70695,LPG,1305000
Tata,Safari,2024,72380,LPG,1040000
Tata,Safari,2024,21192,LPG,1281000
Tata,Safari,2024,55604,LPG,1231000
Tata,Safari,2024,49777,LPG,1259000
Tata,Safari,2024,31424,LPG,1127000
Tata,Safari,2025,116050,Petrol,1327000
Tata,Safari,2025,171647,Petrol,1094000
Tata,Safari,2025,118757,Petrol,1525000
Tata,Safari,2025,30076,Petrol,1529000
Tata,Safari,2025,21458,Petrol,1838000
Tata,Safari,2025,68692,Petrol,1754000
Tata,Safari,2025,7919,Diesel,2231000
Tata,Safari,2025,42021,Diesel,1944000
Tata,Safari,2025,3227,Diesel,2274000
Tata,Safari,2025,177222,Diesel,1270000
Tata,Safari,2025,42742,Diesel,1967000
Tata,Safari,2025,105584,Diesel,1638000
Tata,Safari,2025,138104,CNG,1127000
Tata,Safari,2025,131628,CNG,1075000
Tata,Safari,2025,108883,CNG,1263000
Tata,Safari,2025,21376,CNG,1421000
Tata,Safari,2025,3867,CNG,1407000
Tata,Safari,2025,129370,CNG,968000
Tata,Safari,2025,143326,LPG,1149000
Tata,Safari,2025,97088,LPG,1097000
Tata,Safari,2025,82384,LPG,1160000
Tata,Safari,2025,168746,LPG,1085000
Tata,Safari,2025,172626,LPG,825000
Tata,Safari,2025,143149,LPG,1126000
Honda,City,2015,92145,Petrol,462000
Honda,City,2015,123491,Petrol,523000
Honda,City,2015,79010,Petrol,567000
Honda,City,2015,49299,Petrol,591000
Honda,City,2015,103706,Petrol,536000
Honda,City,2015,81347,Petrol,572000
Honda,City,2015,30988,Diesel,679000
Honda,City,2015,97178,Diesel,560000
Honda,City,2015,168882,Diesel,454000
Honda,City,2015,52666,Diesel,559000
Honda,City,2015,53618,Diesel,537000
Honda,City,2015,158437,Diesel,440000
Honda,City,2015,104913,CNG,347000
Honda,City,2015,144702,CNG,373000
Honda,City,2015,133989,CNG,372000
Honda,City,2015,120783,CNG,434000
Honda,City,2015,7303,CNG,429000
Honda,City,2015,17694,CNG,463000
Honda,City,2015,14223,LPG,464000
Honda,City,2015,58490,LPG,472000
Honda,City,2015,177932,LPG,318000
Honda,City,2015,143656,LPG,314000
Honda,City,2015,154872,LPG,312000
Honda,City,2015,21883,LPG,406000
Honda,City,2016,40117,Petrol,648000
Honda,City,2016,7997,Petrol,690000
Honda,City,2016,165102,Petrol,411000
Honda,City,2016,173075,Petrol,413000
Honda,City,2016,48154,Petrol,664000
Honda,City,2016,83566,Petrol,644000
Honda,City,2016,28504,Diesel,711000
Honda,City,2016,47745,Diesel,758000
Honda,City,2016,19766,Diesel,801000
Honda,City,2016,30874,Diesel,636000
Honda,City,2016,158969,Diesel,566000
Honda,City,2016,60821,Diesel,585000
Honda,City,2016,56121,CNG,479000
Honda,City,2016,108384,CNG,410000
Honda,City,2016,153986,CNG,387000
Honda,City,2016,87302,CNG,500000
Honda,City,2016,58897,CNG,524000
Honda,City,2016,158473,CNG,341000
Honda,City,2016,19573,LPG,459000
Honda,City,2016,40024,LPG,531000
Honda,City,2016,47053,LPG,515000
Honda,City,2016,148072,LPG,341000
Honda,City,2016,66869,LPG,523000
Honda,City,2016,13668,LPG,467000
Honda,City,2017,168726,Petrol,527000
Honda,City,2017,44354,Petrol,603000
Honda,City,2017,130655,Petrol,500000
Honda,City,2017,4893,Petrol,692000
Honda,City,2017,26367,Petrol,774000
Honda,City,2017,158642,Petrol,586000
Honda,City,2017,112110,Diesel,682000
Honda,City,2017,127783,Diesel,655000
Honda,City,2017,57043,Diesel,661000
Honda,City,2017,74027,Diesel,714000
Honda,City,2017,111011,Diesel,599000
Honda,City,2017,48756,Diesel,776000
Honda,City,2017,12862,CNG,602000
Honda,City,2017,134042,CNG,454000
Honda,City,2017,26074,CNG,591000
Honda,City,2017,81957,CNG,480000
Honda,City,2017,4198,CNG,606000
Honda,City,2017,53306,CNG,477000
Honda,City,2017,141988,LPG,478000
Honda,City,2017,165246,LPG,376000
Honda,City,2017,144485,LPG,417000
Honda,City,2017,124691,LPG,474000
Honda,City,2017,175838,LPG,348000
Honda,City,2017,16911,LPG,516000
Honda,City,2018,42116,Petrol,808000
Honda,City,2018,127364,Petrol,624000
Honda,City,2018,44880,Petrol,800000
Honda,City,2018,14302,Petrol,708000
Honda,City,2018,98471,Petrol,630000
Honda,City,2018,116946,Petrol,595000
Honda,City,2018,164695,Diesel,660000
Honda,City,2018,121789,Diesel,593000
Honda,City,2018,16751,Diesel,982000
Honda,City,2018,49107,Diesel,734000
Honda,City,2018,10619,Diesel,881000
Honda,City,2018,33425,Diesel,739000
Honda,City,2018,64682,CNG,605000
Honda,City,2018,158374,CNG,457000
Honda,City,2018,112855,CNG,461000
Honda,City,2018,88376,CNG,496000
Honda,City,2018,31870,CNG,581000
Honda,City,2018,28706,CNG,569000
Honda,City,2018,111159,LPG,548000
Honda,City,2018,101443,LPG,565000
Honda,City,2018,22275,LPG,603000
Honda,City,2018,129984,LPG,410000
Honda,City,2018,117259,LPG,437000
Honda,City,2018,162759,LPG,424000
Honda,City,2019,104536,Petrol,691000
Honda,City,2019,122993,Petrol,728000
Honda,City,2019,168680,Petrol,576000
Honda,City,2019,73698,Petrol,706000
Honda,City,2019,36347,Petrol,726000
Honda,City,2019,152072,Petrol,550000
Honda,City,2019,38783,Diesel,801000
Honda,City,2019,125037,Diesel,726000
Honda,City,2019,47879,Diesel,953000
Honda,City,2019,60633,Diesel,957000
Honda,City,2019,161239,Diesel,597000
Honda,City,2019,170247,Diesel,731000
Honda,City,2019,47547,CNG,655000
Honda,City,2019,147901,CNG,550000
Honda,City,2019,25668,CNG,654000
Honda,City,2019,139778,CNG,508000
Honda,City,2019,59739,CNG,639000
Honda,City,2019,124310,CNG,497000
Honda,City,2019,115226,LPG,567000
Honda,City,2019,67658,LPG,552000
Honda,City,2019,116835,LPG,540000
Honda,City,2019,158129,LPG,532000
Honda,City,2019,153392,LPG,533000
Honda,City,2019,112516,LPG,609000
Honda,City,2020,13501,Petrol,1089000
Honda,City,2020,135177,Petrol,617000
Honda,City,2020,142230,Petrol,679000
Honda,City,2020,28689,Petrol,910000
Honda,City,2020,66048,Petrol,746000
Honda,City,2020,6256,Petrol,1021000
Honda,City,2020,109592,Diesel,934000
Honda,City,2020,37789,Diesel,937000
Honda,City,2020,65668,Diesel,958000
Honda,City,2020,26784,Diesel,860000
Honda,City,2020,178383,Diesel,641000
Honda,City,2020,123398,Diesel,879000
Honda,City,2020,156002,CNG,453000
Honda,City,2020,122233,CNG,571000
Honda,City,2020,39339,CNG,780000
Honda,City,2020,109262,CNG,542000
Honda,City,2020,100103,CNG,633000
Honda,City,2020,169042,CNG,432000
Honda,City,2020,167444,LPG,433000
Honda,City,2020,90269,LPG,615000
Honda,City,2020,80749,LPG,610000
Honda,City,2020,73723,LPG,671000
Honda,City,2020,163563,LPG,507000
Honda,City,2020,57302,LPG,714000
Honda,City,2021,24222,Petrol,1038000
Honda,City,2021,91000,Petrol,921000
Honda,City,2021,17368,Petrol,1021000
Honda,City,2021,179856,Petrol,648000
Honda,City,2021,16516,Petrol,903000
Honda,City,2021,98837,Petrol,837000
Honda,City,2021,13714,Diesel,1063000
Honda,City,2021,48945,Diesel,1071000
Honda,City,2021,20565,Diesel,1110000
Honda,City,2021,56664,Diesel,903000
Honda,City,2021,90799,Diesel,860000
Honda,City,2021,32768,Diesel,1110000
Honda,City,2021,155074,CNG,628000
Honda,City,2021,57996,CNG,780000
Honda,City,2021,62097,CNG,682000
Honda,City,2021,73086,CNG,702000
Honda,City,2021,113868,CNG,594000
Honda,City,2021,19611,CNG,760000
Honda,City,2021,121596,LPG,604000
Honda,City,2021,141066,LPG,630000
Honda,City,2021,126250,LPG,635000
Honda,City,2021,142684,LPG,639000
Honda,City,2021,121483,LPG,628000
Honda,City,2021,179503,LPG,580000
Honda,City,2022,20203,Petrol,987000
Honda,City,2022,123028,Petrol,750000
Honda,City,2022,105415,Petrol,996000
Honda,City,2022,78595,Petrol,1081000
Honda,City,2022,23171,Petrol,956000
Honda,City,2022,75336,Petrol,852000
Honda,City,2022,41785,Diesel,1118000
Honda,City,2022,56544,Diesel,1090000
Honda,City,2022,167436,Diesel,700000
Honda,City,2022,112192,Diesel,1077000
Honda,City,2022,144933,Diesel,977000
Honda,City,2022,127231,Diesel,870000
Honda,City,2022,119355,CNG,718000
Honda,City,2022,8631,CNG,814000
Honda,City,2022,19501,CNG,730000
Honda,City,2022,63903,CNG,845000
Honda,City,2022,139215,CNG,663000
Honda,City,2022,110922,CNG,702000
Honda,City,2022,174903,LPG,583000
Honda,City,2022,88539,LPG,705000
Honda,City,2022,177549,LPG,586000
Honda,City,2022,146777,LPG,598000
Honda,City,2022,82713,LPG,732000
Honda,City,2022,83345,LPG,648000
Honda,City,2023,71159,Petrol,956000
Honda,City,2023,100491,Petrol,1101000
Honda,City,2023,15404,Petrol,1054000
Honda,City,2023,77549,Petrol,1010000
Honda,City,2023,46611,Petrol,1136000
Honda,City,2023,45150,Petrol,1170000
Honda,City,2023,77775,Diesel,1003000
Honda,City,2023,48969,Diesel,1297000
Honda,City,2023,177681,Diesel,916000
Honda,City,2023,45271,Diesel,1099000
Honda,City,2023,13787,Diesel,1455000
Honda,City,2023,153608,Diesel,808000
Honda,City,2023,71264,CNG,779000
Honda,City,2023,56780,CNG,853000
Honda,City,2023,12093,CNG,967000
Honda,City,2023,93137,CNG,690000
Honda,City,2023,120552,CNG,725000
Honda,City,2023,45623,CNG,867000
Honda,City,2023,34847,LPG,961000
Honda,City,2023,109053,LPG,810000
Honda,City,2023,41111,LPG,955000
Honda,City,2023,86943,LPG,684000
Honda,City,2023,146168,LPG,742000
Honda,City,2023,89843,LPG,788000
Honda,City,2024,80478,Petrol,1078000
Honda,City,2024,78976,Petrol,1239000
Honda,City,2024,153399,Petrol,941000
Honda,City,2024,151172,Petrol,963000
Honda,City,2024,118895,Petrol,940000
Honda,City,2024,32442,Petrol,1292000
Honda,City,2024,13506,Diesel,1217000
Honda,City,2024,147430,Diesel,876000
Honda,City,2024,9500,Diesel,1332000
Honda,City,2024,60767,Diesel,1209000
Honda,City,2024,27243,Diesel,1255000
Honda,City,2024,162423,Diesel,983000
Honda,City,2024,155943,CNG,700000
Honda,City,2024,75856,CNG,781000
Honda,City,2024,24912,CNG,970000
Honda,City,2024,119774,CNG,807000
Honda,City,2024,25905,CNG,1090000
Honda,City,2024,106395,CNG,724000
Honda,City,2024,86298,LPG,838000
Honda,City,2024,137101,LPG,806000
Honda,City,2024,177788,LPG,608000
Honda,City,2024,41783,LPG,958000
Honda,City,2024,115103,LPG,728000
Honda,City,2024,100735,LPG,674000
Honda,City,2025,93418,Petrol,1074000
Honda,City,2025,119805,Petrol,1164000
Honda,City,2025,25963,Petrol,1200000
Honda,City,2025,119449,Petrol,1124000
Honda,City,2025,111949,Petrol,1166000
Honda,City,2025,78663,Petrol,1049000
Honda,City,2025,114105,Diesel,1227000
Honda,City,2025,111578,Diesel,1036000
Honda,City,2025,156925,Diesel,1052000
Honda,City,2025,40654,Diesel,1253000
Honda,City,2025,127416,Diesel,1269000
Honda,City,2025,140704,Diesel,1223000
Honda,City,2025,20331,CNG,1163000
Honda,City,2025,157842,CNG,792000
Honda,City,2025,26186,CNG,873000
Honda,City,2025,170459,CNG,795000
Honda,City,2025,111662,CNG,757000
Honda,City,2025,124141,CNG,859000
Honda,City,2025,38894,LPG,882000
Honda,City,2025,103078,LPG,782000
Honda,City,2025,131604,LPG,670000
Honda,City,2025,82165,LPG,962000
Honda,City,2025,82669,LPG,874000
Honda,City,2025,124491,LPG,724000
Honda,Accord,2015,3641,Petrol,943000
Honda,Accord,2015,81687,Petrol,1002000
Honda,Accord,2015,169870,Petrol,692000
Honda,Accord,2015,174393,Petrol,721000
Honda,Accord,2015,78415,Petrol,870000
Honda,Accord,2015,131945,Petrol,870000
Honda,Accord,2015,172026,Diesel,693000
Honda,Accord,2015,34288,Diesel,1145000
Honda,Accord,2015,132250,Diesel,960000
Honda,Accord,2015,20491,Diesel,1126000
Honda,Accord,2015,97833,Diesel,940000
Honda,Accord,2015,151261,Diesel,781000
Honda,Accord,2015,70609,CNG,734000
Honda,Accord,2015,127791,CNG,698000
Honda,Accord,2015,34348,CNG,739000
Honda,Accord,2015,153801,CNG,491000
Honda,Accord,2015,71036,CNG,638000
Honda,Accord,2015,18338,CNG,712000
Honda,Accord,2015,123859,LPG,671000
Honda,Accord,2015,38519,LPG,710000
Honda,Accord,2015,16864,LPG,725000
Honda,Accord,2015,112973,LPG,646000
Honda,Accord,2015,96319,LPG,563000
Honda,Accord,2015,79457,LPG,681000
Honda,Accord,2016,23139,Petrol,1108000
Honda,Accord,2016,167634,Petrol,698000
Honda,Accord,2016,27774,Petrol,1124000
Honda,Accord,2016,46813,Petrol,1062000
Honda,Accord,2016,85892,Petrol,1049000
Honda,Accord,2016,81924,Petrol,903000
Honda,Accord,2016,98033,Diesel,886000
Honda,Accord,2016,155055,Diesel,825000
Honda,Accord,2016,40674,Diesel,985000
Honda,Accord,2016,138835,Diesel,845000
Honda,Accord,2016,130113,Diesel,901000
Honda,Accord,2016,45737,Diesel,1004000
Honda,Accord,2016,43515,CNG,825000
Honda,Accord,2016,52392,CNG,877000
Honda,Accord,2016,149448,CNG,654000
Honda,Accord,2016,140796,CNG,714000
Honda,Accord,2016,147470,CNG,674000
Honda,Accord,2016,32875,CNG,823000
Honda,Accord,2016,23027,LPG,745000
Honda,Accord,2016,37401,LPG,914000
Honda,Accord,2016,128702,LPG,624000
Honda,Accord,2016,98045,LPG,633000
Honda,Accord,2016,118851,LPG,746000
Honda,Accord,2016,159670,LPG,602000
Honda,Accord,2017,92665,Petrol,930000
Honda,Accord,2017,82871,Petrol,908000
Honda,Accord,2017,34089,Petrol,1080000
Honda,Accord,2017,40318,Petrol,1223000
Honda,Accord,2017,83590,Petrol,936000
Honda,Accord,2017,37135,Petrol,1331000
Honda,Accord,2017,114360,Diesel,1109000
Honda,Accord,2017,32287,Diesel,1118000
Honda,Accord,2017,129944,Diesel,1084000
Honda,Accord,2017,14145,Diesel,1207000
Honda,Accord,2017,11596,Diesel,1444000
Honda,Accord,2017,137605,Diesel,1014000
Honda,Accord,2017,125967,CNG,654000
Honda,Accord,2017,69325,CNG,735000
Honda,Accord,2017,82074,CNG,863000
Honda,Accord,2017,28297,CNG,1005000
Honda,Accord,2017,160756,CNG,610000
Honda,Accord,2017,55435,CNG,795000
Honda,Accord,2017,95152,LPG,670000
Honda,Accord,2017,41156,LPG,968000
Honda,Accord,2017,75712,LPG,920000
Honda,Accord,2017,94183,LPG,745000
Honda,Accord,2017,134238,LPG,759000
Honda,Accord,2017,163682,LPG,596000
Honda,Accord,2018,152483,Petrol,833000
Honda,Accord,2018,154554,Petrol,1019000
Honda,Accord,2018,141631,Petrol,901000
Honda,Accord,2018,53213,Petrol,1390000
Honda,Accord,2018,48029,Petrol,1384000
Honda,Accord,2018,143804,Petrol,835000
Honda,Accord,2018,28869,Diesel,1567000
Honda,Accord,2018,135171,Diesel,1190000
Honda,Accord,2018,127443,Diesel,1060000
Honda,Accord,2018,157502,Diesel,921000
Honda,Accord,2018,179560,Diesel,1075000
Honda,Accord,2018,50408,Diesel,1461000
Honda,Accord,2018,102513,CNG,831000
Honda,Accord,2018,137807,CNG,713000
Honda,Accord,2018,32581,CNG,1075000
Honda,Accord,2018,85386,CNG,789000
Honda,Accord,2018,31918,CNG,1006000
Honda,Accord,2018,132975,CNG,845000
Honda,Accord,2018,78568,LPG,893000
Honda,Accord,2018,13645,LPG,890000
Honda,Accord,2018,132423,LPG,680000
Honda,Accord,2018,77347,LPG,869000
Honda,Accord,2018,84790,LPG,912000
Honda,Accord,2018,119380,LPG,730000
Honda,Accord,2019,109766,Petrol,1088000
Honda,Accord,2019,115187,Petrol,1039000
Honda,Accord,2019,21247,Petrol,1584000
Honda,Accord,2019,127695,Petrol,1246000
Honda,Accord,2019,99322,Petrol,1078000
Honda,Accord,2019,179726,Petrol,948000
Honda,Accord,2019,30570,Diesel,1459000
Honda,Accord,2019,140012,Diesel,1207000
Honda,Accord,2019,25283,Diesel,1353000
Honda,Accord,2019,106497,Diesel,1225000
Honda,Accord,2019,157811,Diesel,1249000
Honda,Accord,2019,47229,Diesel,1267000
Honda,Accord,2019,55189,CNG,981000
Honda,Accord,2019,158965,CNG,869000
Honda,Accord,2019,108981,CNG,806000
Honda,Accord,2019,114333,CNG,951000
Honda,Accord,2019,76011,CNG,1057000
Honda,Accord,2019,155546,CNG,819000
Honda,Accord,2019,171776,LPG,836000
Honda,Accord,2019,96348,LPG,904000
Honda,Accord,2019,161116,LPG,865000
Honda,Accord,2019,130017,LPG,837000
Honda,Accord,2019,41633,LPG,1115000
Honda,Accord,2019,31321,LPG,941000
Honda,Accord,2020,131277,Petrol,1180000
Honda,Accord,2020,167723,Petrol,1202000
Honda,Accord,2020,10791,Petrol,1385000
Honda,Accord,2020,16854,Petrol,1697000
Honda,Accord,2020,133583,Petrol,1235000
Honda,Accord,2020,49948,Petrol,1393000
Honda,Accord,2020,88709,Diesel,1279000
Honda,Accord,2020,166044,Diesel,1197000
Honda,Accord,2020,23058,Diesel,1728000
Honda,Accord,2020,139301,Diesel,1345000
Honda,Accord,2020,125164,Diesel,1184000
Honda,Accord,2020,176563,Diesel,1118000
Honda,Accord,2020,135328,CNG,848000
Honda,Accord,2020,93076,CNG,1109000
Honda,Accord,2020,144696,CNG,900000
Honda,Accord,2020,11283,CNG,1396000
Honda,Accord,2020,34230,CNG,1124000
Honda,Accord,2020,85459,CNG,1142000
Honda,Accord,2020,119013,LPG,917000
Honda,Accord,2020,11613,LPG,1077000
Honda,Accord,2020,175860,LPG,872000
Honda,Accord,2020,82441,LPG,1131000
Honda,Accord,2020,46029,LPG,1103000
Honda,Accord,2020,38255,LPG,1063000
Honda,Accord,2021,104995,Petrol,1357000
Honda,Accord,2021,31673,Petrol,1647000
Honda,Accord,2021,131595,Petrol,1330000
Honda,Accord,2021,144398,Petrol,1252000
Honda,Accord,2021,127757,Petrol,1307000
Honda,Accord,2021,43975,Petrol,1576000
Honda,Accord,2021,105599,Diesel,1368000
Honda,Accord,2021,157938,Diesel,1449000
Honda,Accord,2021,164727,Diesel,1313000
Honda,Accord,2021,77563,Diesel,1491000
Honda,Accord,2021,10378,Diesel,1872000
Honda,Accord,2021,36606,Diesel,1895000
Honda,Accord,2021,94455,CNG,1189000
Honda,Accord,2021,156083,CNG,798000
Honda,Accord,2021,166880,CNG,855000
Honda,Accord,2021,28519,CNG,1242000
Honda,Accord,2021,96681,CNG,1057000
Honda,Accord,2021,17797,CNG,1358000
Honda,Accord,2021,67910,LPG,1045000
Honda,Accord,2021,84815,LPG,1117000
Honda,Accord,2021,20170,LPG,1393000
Honda,Accord,2021,33007,LPG,1166000
Honda,Accord,2021,8167,LPG,1303000
Honda,Accord,2021,12798,LPG,1262000
Honda,Accord,2022,113748,Petrol,1458000
Honda,Accord,2022,113407,Petrol,1334000
Honda,Accord,2022,126129,Petrol,1420000
Honda,Accord,2022,85972,Petrol,1478000
Honda,Accord,2022,105315,Petrol,1386000
Honda,Accord,2022,28618,Petrol,1902000
Honda,Accord,2022,29229,Diesel,1987000
Honda,Accord,2022,56977,Diesel,1687000
Honda,Accord,2022,134797,Diesel,1593000
Honda,Accord,2022,177951,Diesel,1227000
Honda,Accord,2022,164173,Diesel,1264000
Honda,Accord,2022,117292,Diesel,1397000
Honda,Accord,2022,169577,CNG,1051000
Honda,Accord,2022,22744,CNG,1515000
Honda,Accord,2022,143465,CNG,944000
Honda,Accord,2022,72508,CNG,1072000
Honda,Accord,2022,153345,CNG,972000
Honda,Accord,2022,62214,CNG,1310000
Honda,Accord,2022,27106,LPG,1415000
Honda,Accord,2022,154569,LPG,857000
Honda,Accord,2022,91300,LPG,1074000
Honda,Accord,2022,151485,LPG,1067000
Honda,Accord,2022,127588,LPG,1026000
Honda,Accord,2022,94046,LPG,1241000
Honda,Accord,2023,173796,Petrol,1415000
Honda,Accord,2023,135288,Petrol,1574000
Honda,Accord,2023,116484,Petrol,1593000
Honda,Accord,2023,85143,Petrol,1501000
Honda,Accord,2023,108460,Petrol,1440000
Honda,Accord,2023,138100,Petrol,1415000
Honda,Accord,2023,146540,Diesel,1373000
Honda,Accord,2023,7876,Diesel,2186000
Honda,Accord,2023,138325,Diesel,1712000
Honda,Accord,2023,154216,Diesel,1480000
Honda,Accord,2023,176226,Diesel,1573000
Honda,Accord,2023,125498,Diesel,1495000
Honda,Accord,2023,170228,CNG,1029000
Honda,Accord,2023,164067,CNG,1146000
Honda,Accord,2023,116698,CNG,1335000
Honda,Accord,2023,167300,CNG,897000
Honda,Accord,2023,55598,CNG,1320000
Honda,Accord,2023,41730,CNG,1310000
Honda,Accord,2023,81715,LPG,1387000
Honda,Accord,2023,110547,LPG,1111000
Honda,Accord,2023,19889,LPG,1503000
Honda,Accord,2023,111118,LPG,1092000
Honda,Accord,2023,78247,LPG,1325000
Honda,Accord,2023,70225,LPG,1365000
Honda,Accord,2024,64900,Petrol,1793000
Honda,Accord,2024,32768,Petrol,1777000
Honda,Accord,2024,10262,Petrol,1921000
Honda,Accord,2024,84406,Petrol,1742000
Honda,Accord,2024,149754,Petrol,1696000
Honda,Accord,2024,113629,Petrol,1707000
Honda,Accord,2024,12700,Diesel,2036000
Honda,Accord,2024,74489,Diesel,1741000
Honda,Accord,2024,70737,Diesel,2130000
Honda,Accord,2024,75816,Diesel,2030000
Honda,Accord,2024,49133,Diesel,2149000
Honda,Accord,2024,14070,Diesel,2523000
Honda,Accord,2024,130360,CNG,1322000
Honda,Accord,2024,17503,CNG,1761000
Honda,Accord,2024,25001,CNG,1484000
Honda,Accord,2024,81113,CNG,1532000
Honda,Accord,2024,109694,CNG,1439000
Honda,Accord,2024,179074,CNG,1109000
Honda,Accord,2024,26673,LPG,1478000
Honda,Accord,2024,39847,LPG,1368000
Honda,Accord,2024,152677,LPG,1195000
Honda,Accord,2024,34625,LPG,1508000
Honda,Accord,2024,155153,LPG,1256000
Honda,Accord,2024,140693,LPG,1073000
Honda,Accord,2025,26658,Petrol,1975000
Honda,Accord,2025,35054,Petrol,2267000
Honda,Accord,2025,85158,Petrol,1780000
Honda,Accord,2025,156177,Petrol,1660000
Honda,Accord,2025,64849,Petrol,2215000
Honda,Accord,2025,60149,Petrol,1781000
Honda,Accord,2025,48915,Diesel,2017000
Honda,Accord,2025,74970,Diesel,2037000
Honda,Accord,2025,69664,Diesel,2321000
Honda,Accord,2025,17660,Diesel,2346000
Honda,Accord,2025,101226,Diesel,2058000
Honda,Accord,2025,32612,Diesel,2158000
Honda,Accord,2025,114091,CNG,1350000
Honda,Accord,2025,67578,CNG,1729000
Honda,Accord,2025,40987,CNG,1552000
Honda,Accord,2025,99400,CNG,1543000
Honda,Accord,2025,8524,CNG,1805000
Honda,Accord,2025,161810,CNG,1030000
Honda,Accord,2025,176597,LPG,1207000
Honda,Accord,2025,17332,LPG,1749000
Honda,Accord,2025,179055,LPG,1018000
Honda,Accord,2025,147894,LPG,1168000
Honda,Accord,2025,170496,LPG,1282000
Honda,Accord,2025,98120,LPG,1541000
Honda,CR-V,2015,34995,Petrol,1048000
Honda,CR-V,2015,64966,Petrol,1072000
Honda,CR-V,2015,104835,Petrol,755000
Honda,CR-V,2015,106016,Petrol,988000
Honda,CR-V,2015,69986,Petrol,904000
Honda,CR-V,2015,64724,Petrol,914000
Honda,CR-V,2015,45002,Diesel,1229000
Honda,CR-V,2015,168505,Diesel,756000
Honda,CR-V,2015,171933,Diesel,769000
Honda,CR-V,2015,11881,Diesel,1099000
Honda,CR-V,2015,23996,Diesel,1255000
Honda,CR-V,2015,131894,Diesel,879000
Honda,CR-V,2015,111255,CNG,761000
Honda,CR-V,2015,90221,CNG,758000
Honda,CR-V,2015,29318,CNG,896000
Honda,CR-V,2015,71411,CNG,747000
Honda,CR-V,2015,95237,CNG,688000
Honda,CR-V,2015,146583,CNG,658000
Honda,CR-V,2015,121819,LPG,678000
Honda,CR-V,2015,16657,LPG,853000
Honda,CR-V,2015,51166,LPG,790000
Honda,CR-V,2015,171060,LPG,499000
Honda,CR-V,2015,108031,LPG,607000
Honda,CR-V,2015,83097,LPG,669000
Honda,CR-V,2016,24556,Petrol,1030000
Honda,CR-V,2016,68432,Petrol,1059000
Honda,CR-V,2016,173178,Petrol,859000
Honda,CR-V,2016,158717,Petrol,879000
Honda,CR-V,2016,86728,Petrol,995000
Honda,CR-V,2016,37998,Petrol,1050000
Honda,CR-V,2016,158456,Diesel,987000
Honda,CR-V,2016,76871,Diesel,1018000
Honda,CR-V,2016,111657,Diesel,985000
Honda,CR-V,2016,106152,Diesel,1153000
Honda,CR-V,2016,152524,Diesel,843000
Honda,CR-V,2016,9021,Diesel,1455000
Honda,CR-V,2016,172635,CNG,644000
Honda,CR-V,2016,62954,CNG,931000
Honda,CR-V,2016,124221,CNG,653000
Honda,CR-V,2016,47238,CNG,749000
Honda,CR-V,2016,165006,CNG,625000
Honda,CR-V,2016,71198,CNG,733000
Honda,CR-V,2016,99448,LPG,672000
Honda,CR-V,2016,151699,LPG,574000
Honda,CR-V,2016,140845,LPG,654000
Honda,CR-V,2016,121936,LPG,769000
Honda,CR-V,2016,132538,LPG,606000
Honda,CR-V,2016,56253,LPG,749000
Honda,CR-V,2017,72783,Petrol,1067000
Honda,CR-V,2017,132543,Petrol,945000
Honda,CR-V,2017,116064,Petrol,1129000
Honda,CR-V,2017,160308,Petrol,830000
Honda,CR-V,2017,77178,Petrol,1200000
Honda,CR-V,2017,52640,Petrol,1163000
Honda,CR-V,2017,110092,Diesel,1217000
Honda,CR-V,2017,10542,Diesel,1322000
Honda,CR-V,2017,71629,Diesel,1137000
Honda,CR-V,2017,121220,Diesel,1219000
Honda,CR-V,2017,99898,Diesel,1179000
Honda,CR-V,2017,172668,Diesel,930000
Honda,CR-V,2017,5705,CNG,1017000
Honda,CR-V,2017,87736,CNG,975000
Honda,CR-V,2017,107216,CNG,860000
Honda,CR-V,2017,103531,CNG,874000
Honda,CR-V,2017,159551,CNG,657000
Honda,CR-V,2017,27976,CNG,997000
Honda,CR-V,2017,16661,LPG,931000
Honda,CR-V,2017,64562,LPG,874000
Honda,CR-V,2017,95878,LPG,936000
Honda,CR-V,2017,178843,LPG,738000
Honda,CR-V,2017,159822,LPG,731000
Honda,CR-V,2017,14930,LPG,840000
Honda,CR-V,2018,135262,Petrol,1092000
Honda,CR-V,2018,82300,Petrol,1377000
Honda,CR-V,2018,178967,Petrol,894000
Honda,CR-V,2018,149685,Petrol,878000
Honda,CR-V,2018,50021,Petrol,1211000
Honda,CR-V,2018,135054,Petrol,1054000
Honda,CR-V,2018,91913,Diesel,1415000
Honda,CR-V,2018,37581,Diesel,1272000
Honda,CR-V,2018,142047,Diesel,1097000
Honda,CR-V,2018,71263,Diesel,1190000
Honda,CR-V,2018,14576,Diesel,1728000
Honda,CR-V,2018,133865,Diesel,1268000
Honda,CR-V,2018,76662,CNG,1024000
Honda,CR-V,2018,115744,CNG,812000
Honda,CR-V,2018,72000,CNG,998000
Honda,CR-V,2018,72142,CNG,970000
Honda,CR-V,2018,117235,CNG,963000
Honda,CR-V,2018,85717,CNG,999000
Honda,CR-V,2018,131784,LPG,872000
Honda,CR-V,2018,42653,LPG,1022000
Honda,CR-V,2018,175338,LPG,742000
Honda,CR-V,2018,118340,LPG,730000
Honda,CR-V,2018,41960,LPG,876000
Honda,CR-V,2018,51009,LPG,854000
Honda,CR-V,2019,71216,Petrol,1212000
Honda,CR-V,2019,125456,Petrol,1152000
Honda,CR-V,2019,132737,Petrol,997000
Honda,CR-V,2019,96459,Petrol,1444000
Honda,CR-V,2019,150024,Petrol,1092000
Honda,CR-V,2019,132233,Petrol,1022000
Honda,CR-V,2019,41811,Diesel,1380000
Honda,CR-V,2019,27530,Diesel,1461000
Honda,CR-V,2019,77479,Diesel,1297000
Honda,CR-V,2019,47117,Diesel,1644000
Honda,CR-V,2019,74510,Diesel,1466000
Honda,CR-V,2019,176837,Diesel,1121000
Honda,CR-V,2019,155973,CNG,963000
Honda,CR-V,2019,4081,CNG,1221000
Honda,CR-V,2019,152628,CNG,770000
Honda,CR-V,2019,23141,CNG,1079000
Honda,CR-V,2019,133576,CNG,942000
Honda,CR-V,2019,89155,CNG,865000
Honda,CR-V,2019,34979,LPG,1073000
Honda,CR-V,2019,157753,LPG,917000
Honda,CR-V,2019,30805,LPG,1227000
Honda,CR-V,2019,43311,LPG,938000
Honda,CR-V,2019,123647,LPG,982000
Honda,CR-V,2019,175894,LPG,767000
Honda,CR-V,2020,167719,Petrol,1273000
Honda,CR-V,2020,158767,Petrol,1207000
Honda,CR-V,2020,89357,Petrol,1579000
Honda,CR-V,2020,175011,Petrol,1138000
Honda,CR-V,2020,121777,Petrol,1214000
Honda,CR-V,2020,152201,Petrol,1049000
Honda,CR-V,2020,15761,Diesel,1924000
Honda,CR-V,2020,77174,Diesel,1465000
Honda,CR-V,2020,17558,Diesel,1887000
Honda,CR-V,2020,146433,Diesel,1461000
Honda,CR-V,2020,102979,Diesel,1278000
Honda,CR-V,2020,69889,Diesel,1424000
Honda,CR-V,2020,107573,CNG,911000
Honda,CR-V,2020,57584,CNG,1052000
Honda,CR-V,2020,108485,CNG,968000
Honda,CR-V,2020,174459,CNG,772000
Honda,CR-V,2020,81262,CNG,1102000
Honda,CR-V,2020,116340,CNG,1082000
Honda,CR-V,2020,84291,LPG,1194000
Honda,CR-V,2020,161207,LPG,777000
Honda,CR-V,2020,177462,LPG,731000
Honda,CR-V,2020,99326,LPG,1034000
Honda,CR-V,2020,131351,LPG,932000
Honda,CR-V,2020,104735,LPG,1009000
Honda,CR-V,2021,150602,Petrol,1309000
Honda,CR-V,2021,26651,Petrol,1852000
Honda,CR-V,2021,99530,Petrol,1506000
Honda,CR-V,2021,116798,Petrol,1448000
Honda,CR-V,2021,27365,Petrol,1490000
Honda,CR-V,2021,92586,Petrol,1687000
Honda,CR-V,2021,61780,Diesel,1797000
Honda,CR-V,2021,43650,Diesel,2019000
Honda,CR-V,2021,141222,Diesel,1464000
Honda,CR-V,2021,140541,Diesel,1242000
Honda,CR-V,2021,125740,Diesel,1444000
Honda,CR-V,2021,128202,Diesel,1377000
Honda,CR-V,2021,36499,CNG,1387000
Honda,CR-V,2021,81750,CNG,1306000
Honda,CR-V,2021,140125,CNG,1000000
Honda,CR-V,2021,152038,CNG,858000
Honda,CR-V,2021,23062,CNG,1519000
Honda,CR-V,2021,137588,CNG,911000
Honda,CR-V,2021,114388,LPG,1040000
Honda,CR-V,2021,124806,LPG,1087000
Honda,CR-V,2021,152023,LPG,1050000
Honda,CR-V,2021,96181,LPG,1037000
Honda,CR-V,2021,24435,LPG,1419000
Honda,CR-V,2021,7264,LPG,1210000
Honda,CR-V,2022,176428,Petrol,1251000
Honda,CR-V,2022,50764,Petrol,1931000
Honda,CR-V,2022,14864,Petrol,1666000
Honda,CR-V,2022,81026,Petrol,1549000
Honda,CR-V,2022,122275,Petrol,1587000
Honda,CR-V,2022,120951,Petrol,1535000
Honda,CR-V,2022,72487,Diesel,1721000
Honda,CR-V,2022,52071,Diesel,1731000
Honda,CR-V,2022,23505,Diesel,2156000
Honda,CR-V,2022,161348,Diesel,1329000
Honda,CR-V,2022,179530,Diesel,1197000
Honda,CR-V,2022,143083,Diesel,1295000
Honda,CR-V,2022,106529,CNG,1065000
Honda,CR-V,2022,48019,CNG,1440000
Honda,CR-V,2022,123628,CNG,1211000
Honda,CR-V,2022,175416,CNG,1124000
Honda,CR-V,2022,160781,CNG,1102000
Honda,CR-V,2022,82377,CNG,1317000
Honda,CR-V,2022,164675,LPG,955000
Honda,CR-V,2022,179633,LPG,1080000
Honda,CR-V,2022,179974,LPG,921000
Honda,CR-V,2022,82339,LPG,1091000
Honda,CR-V,2022,38419,LPG,1177000
Honda,CR-V,2022,32337,LPG,1517000
Honda,CR-V,2023,52341,Petrol,2069000
Honda,CR-V,2023,57848,Petrol,1840000
Honda,CR-V,2023,41051,Petrol,2004000
Honda,CR-V,2023,117239,Petrol,1761000
Honda,CR-V,2023,144186,Petrol,1355000
Honda,CR-V,2023,81883,Petrol,1887000
Honda,CR-V,2023,41840,Diesel,2055000
Honda,CR-V,2023,8719,Diesel,1972000
Honda,CR-V,2023,42956,Diesel,2209000
Honda,CR-V,2023,119723,Diesel,1951000
Honda,CR-V,2023,126598,Diesel,1452000
Honda,CR-V,2023,120837,Diesel,1756000
Honda,CR-V,2023,55779,CNG,1363000
Honda,CR-V,2023,105690,CNG,1119000
Honda,CR-V,2023,5064,CNG,1429000
Honda,CR-V,2023,116190,CNG,1428000
Honda,CR-V,2023,132945,CNG,1281000
Honda,CR-V,2023,159195,CNG,1187000
Honda,CR-V,2023,79224,LPG,1158000
Honda,CR-V,2023,107773,LPG,1242000
Honda,CR-V,2023,157937,LPG,1159000
Honda,CR-V,2023,130900,LPG,1082000
Honda,CR-V,2023,18913,LPG,1543000
Honda,CR-V,2023,113625,LPG,1256000
Honda,CR-V,2024,148032,Petrol,1374000
Honda,CR-V,2024,172948,Petrol,1427000
Honda,CR-V,2024,127082,Petrol,1481000
Honda,CR-V,2024,166236,Petrol,1683000
Honda,CR-V,2024,93902,Petrol,1788000
Honda,CR-V,2024,117355,Petrol,1472000
Honda,CR-V,2024,78500,Diesel,2170000
Honda,CR-V,2024,126008,Diesel,1724000
Honda,CR-V,2024,63844,Diesel,2111000
Honda,CR-V,2024,157051,Diesel,1853000
Honda,CR-V,2024,91906,Diesel,2213000
Honda,CR-V,2024,175217,Diesel,1554000
Honda,CR-V,2024,79911,CNG,1560000
Honda,CR-V,2024,105333,CNG,1561000
Honda,CR-V,2024,179451,CNG,1168000
Honda,CR-V,2024,97438,CNG,1525000
Honda,CR-V,2024,45474,CNG,1641000
Honda,CR-V,2024,77044,CNG,1557000
Honda,CR-V,2024,25594,LPG,1691000
Honda,CR-V,2024,36841,LPG,1424000
Honda,CR-V,2024,43976,LPG,1597000
Honda,CR-V,2024,29451,LPG,1736000
Honda,CR-V,2024,132427,LPG,1178000
Honda,CR-V,2024,57901,LPG,1527000
Honda,CR-V,2025,7752,Petrol,2250000
Honda,CR-V,2025,71369,Petrol,1958000
Honda,CR-V,2025,44577,Petrol,1965000
Honda,CR-V,2025,134983,Petrol,1503000
Honda,CR-V,2025,19689,Petrol,2182000
Honda,CR-V,2025,32876,Petrol,2303000
Honda,CR-V,2025,34637,Diesel,2439000
Honda,CR-V,2025,130497,Diesel,1768000
Honda,CR-V,2025,92213,Diesel,2274000
Honda,CR-V,2025,15235,Diesel,2692000
Honda,CR-V,2025,149020,Diesel,1685000
Honda,CR-V,2025,42630,Diesel,2597000
Honda,CR-V,2025,138105,CNG,1387000
Honda,CR-V,2025,30300,CNG,1852000
Honda,CR-V,2025,117773,CNG,1545000
Honda,CR-V,2025,32079,CNG,1980000
Honda,CR-V,2025,163057,CNG,1293000
Honda,CR-V,2025,29704,CNG,1914000
Honda,CR-V,2025,14002,LPG,1765000
Honda,CR-V,2025,46790,LPG,1704000
Honda,CR-V,2025,56840,LPG,1798000
Honda,CR-V,2025,44165,LPG,1761000
Honda,CR-V,2025,118741,LPG,1487000
Honda,CR-V,2025,133650,LPG,1417000
Honda,Jazz,2015,29029,Petrol,363000
Honda,Jazz,2015,98351,Petrol,328000
Honda,Jazz,2015,39116,Petrol,352000
Honda,Jazz,2015,55924,Petrol,374000
Honda,Jazz,2015,111986,Petrol,359000
Honda,Jazz,2015,4726,Petrol,393000
Honda,Jazz,2015,127168,Diesel,329000
Honda,Jazz,2015,135388,Diesel,305000
Honda,Jazz,2015,72734,Diesel,381000
Honda,Jazz,2015,111792,Diesel,345000
Honda,Jazz,2015,177324,Diesel,277000
Honda,Jazz,2015,141844,Diesel,324000
Honda,Jazz,2015,62816,CNG,261000
Honda,Jazz,2015,115413,CNG,251000
Honda,Jazz,2015,110297,CNG,291000
Honda,Jazz,2015,138307,CNG,263000
Honda,Jazz,2015,97836,CNG,304000
Honda,Jazz,2015,119019,CNG,228000
Honda,Jazz,2015,5607,LPG,342000
Honda,Jazz,2015,138619,LPG,266000
Honda,Jazz,2015,25224,LPG,295000
Honda,Jazz,2015,108290,LPG,291000
Honda,Jazz,2015,46076,LPG,290000
Honda,Jazz,2015,106092,LPG,276000
Honda,Jazz,2016,176061,Petrol,341000
Honda,Jazz,2016,42571,Petrol,480000
Honda,Jazz,2016,18154,Petrol,515000
Honda,Jazz,2016,176109,Petrol,337000
Honda,Jazz,2016,80522,Petrol,384000
Honda,Jazz,2016,148125,Petrol,366000
Honda,Jazz,2016,85233,Diesel,470000
Honda,Jazz,2016,5071,Diesel,549000
Honda,Jazz,2016,141357,Diesel,375000
Honda,Jazz,2016,41498,Diesel,492000
Honda,Jazz,2016,119965,Diesel,401000
Honda,Jazz,2016,145717,Diesel,372000
Honda,Jazz,2016,165054,CNG,256000
Honda,Jazz,2016,93505,CNG,331000
Honda,Jazz,2016,173067,CNG,233000
Honda,Jazz,2016,54719,CNG,362000
Honda,Jazz,2016,25093,CNG,301000
Honda,Jazz,2016,90685,CNG,290000
Honda,Jazz,2016,36031,LPG,333000
Honda,Jazz,2016,144764,LPG,237000
Honda,Jazz,2016,27332,LPG,338000
Honda,Jazz,2016,84855,LPG,298000
Honda,Jazz,2016,169641,LPG,212000
Honda,Jazz,2016,10311,LPG,389000
Honda,Jazz,2017,144540,Petrol,374000
Honda,Jazz,2017,66265,Petrol,487000
Honda,Jazz,2017,82676,Petrol,455000
Honda,Jazz,2017,135454,Petrol,331000
Honda,Jazz,2017,18714,Petrol,541000
Honda,Jazz,2017,71093,Petrol,455000
Honda,Jazz,2017,95923,Diesel,398000
Honda,Jazz,2017,173645,Diesel,407000
Honda,Jazz,2017,120633,Diesel,395000
Honda,Jazz,2017,4366,Diesel,540000
Honda,Jazz,2017,64891,Diesel,524000
Honda,Jazz,2017,155461,Diesel,388000
Honda,Jazz,2017,167559,CNG,278000
Honda,Jazz,2017,159119,CNG,251000
Honda,Jazz,2017,81433,CNG,313000
Honda,Jazz,2017,153147,CNG,291000
Honda,Jazz,2017,102002,CNG,319000
Honda,Jazz,2017,67915,CNG,305000
Honda,Jazz,2017,138384,LPG,288000
Honda,Jazz,2017,97704,LPG,309000
Honda,Jazz,2017,41418,LPG,379000
Honda,Jazz,2017,111017,LPG,266000
Honda,Jazz,2017,19303,LPG,366000
Honda,Jazz,2017,37095,LPG,357000
Honda,Jazz,2018,119959,Petrol,371000
Honda,Jazz,2018,140954,Petrol,388000
Honda,Jazz,2018,149530,Petrol,392000
Honda,Jazz,2018,106489,Petrol,485000
Honda,Jazz,2018,156171,Petrol,382000
Honda,Jazz,2018,113997,Petrol,491000
Honda,Jazz,2018,131330,Diesel,472000
Honda,Jazz,2018,112293,Diesel,509000
Honda,Jazz,2018,40839,Diesel,552000
Honda,Jazz,2018,130078,Diesel,471000
Honda,Jazz,2018,36917,Diesel,632000
Honda,Jazz,2018,137528,Diesel,481000
Honda,Jazz,2018,33948,CNG,427000
Honda,Jazz,2018,122388,CNG,325000
Honda,Jazz,2018,44114,CNG,446000
Honda,Jazz,2018,99818,CNG,390000
Honda,Jazz,2018,34133,CNG,416000
Honda,Jazz,2018,110117,CNG,300000
Honda,Jazz,2018,99884,LPG,345000
Honda,Jazz,2018,13559,LPG,414000
Honda,Jazz,2018,33865,LPG,379000
Honda,Jazz,2018,101162,LPG,318000
Honda,Jazz,2018,130382,LPG,269000
Honda,Jazz,2018,40452,LPG,348000
Honda,Jazz,2019,157566,Petrol,403000
Honda,Jazz,2019,82996,Petrol,559000
Honda,Jazz,2019,59513,Petrol,481000
Honda,Jazz,2019,131134,Petrol,380000
Honda,Jazz,2019,146533,Petrol,407000
Honda,Jazz,2019,14713,Petrol,570000
Honda,Jazz,2019,153224,Diesel,426000
Honda,Jazz,2019,121587,Diesel,549000
Honda,Jazz,2019,101908,Diesel,514000
Honda,Jazz,2019,161783,Diesel,393000
Honda,Jazz,2019,39312,Diesel,600000
Honda,Jazz,2019,123831,Diesel,526000
Honda,Jazz,2019,177907,CNG,298000
Honda,Jazz,2019,88253,CNG,340000
Honda,Jazz,2019,166779,CNG,328000
Honda,Jazz,2019,110381,CNG,354000
Honda,Jazz,2019,106650,CNG,352000
Honda,Jazz,2019,15011,CNG,516000
Honda,Jazz,2019,119155,LPG,372000
Honda,Jazz,2019,172323,LPG,264000
Honda,Jazz,2019,46414,LPG,440000
Honda,Jazz,2019,152945,LPG,330000
Honda,Jazz,2019,83962,LPG,387000
Honda,Jazz,2019,35448,LPG,443000
Honda,Jazz,2020,25322,Petrol,561000
Honda,Jazz,2020,165189,Petrol,440000
Honda,Jazz,2020,16860,Petrol,711000
Honda,Jazz,2020,139774,Petrol,426000
Honda,Jazz,2020,127737,Petrol,484000
Honda,Jazz,2020,7892,Petrol,569000
Honda,Jazz,2020,142423,Diesel,455000
Honda,Jazz,2020,7973,Diesel,645000
Honda,Jazz,2020,56950,Diesel,576000
Honda,Jazz,2020,154926,Diesel,476000
Honda,Jazz,2020,142865,Diesel,517000
Honda,Jazz,2020,108328,Diesel,564000
Honda,Jazz,2020,131836,CNG,412000
Honda,Jazz,2020,9098,CNG,474000
Honda,Jazz,2020,50319,CNG,444000
Honda,Jazz,2020,141386,CNG,344000
Honda,Jazz,2020,70417,CNG,383000
Honda,Jazz,2020,29039,CNG,483000
Honda,Jazz,2020,77803,LPG,374000
Honda,Jazz,2020,69992,LPG,458000
Honda,Jazz,2020,43429,LPG,425000
Honda,Jazz,2020,109765,LPG,405000
Honda,Jazz,2020,18443,LPG,491000
Honda,Jazz,2020,88273,LPG,369000
Honda,Jazz,2021,18335,Petrol,634000
Honda,Jazz,2021,28885,Petrol,624000
Honda,Jazz,2021,111219,Petrol,606000
Honda,Jazz,2021,70615,Petrol,579000
Honda,Jazz,2021,34710,Petrol,566000
Honda,Jazz,2021,65815,Petrol,652000
Honda,Jazz,2021,156624,Diesel,479000
Honda,Jazz,2021,136332,Diesel,590000
Honda,Jazz,2021,103938,Diesel,677000
Honda,Jazz,2021,73592,Diesel,562000
Honda,Jazz,2021,124850,Diesel,575000
Honda,Jazz,2021,20159,Diesel,721000
Honda,Jazz,2021,109822,CNG,442000
Honda,Jazz,2021,7881,CNG,501000
Honda,Jazz,2021,156661,CNG,394000
Honda,Jazz,2021,67570,CNG,508000
Honda,Jazz,2021,173800,CNG,385000
Honda,Jazz,2021,82852,CNG,464000
Honda,Jazz,2021,119911,LPG,355000
Honda,Jazz,2021,169670,LPG,351000
Honda,Jazz,2021,40320,LPG,471000
Honda,Jazz,2021,47089,LPG,521000
Honda,Jazz,2021,143911,LPG,428000
Honda,Jazz,2021,148529,LPG,368000
Honda,Jazz,2022,3262,Petrol,814000
Honda,Jazz,2022,165720,Petrol,471000
Honda,Jazz,2022,46878,Petrol,581000
Honda,Jazz,2022,129402,Petrol,520000
Honda,Jazz,2022,68769,Petrol,711000
Honda,Jazz,2022,102654,Petrol,683000
Honda,Jazz,2022,168729,Diesel,492000
Honda,Jazz,2022,136779,Diesel,551000
Honda,Jazz,2022,45314,Diesel,789000
Honda,Jazz,2022,150608,Diesel,496000
Honda,Jazz,2022,26518,Diesel,744000
Honda,Jazz,2022,35237,Diesel,826000
Honda,Jazz,2022,148877,CNG,471000
Honda,Jazz,2022,116236,CNG,412000
Honda,Jazz,2022,135335,CNG,484000
Honda,Jazz,2022,86441,CNG,538000
Honda,Jazz,2022,92819,CNG,496000
Honda,Jazz,2022,121677,CNG,414000
Honda,Jazz,2022,176611,LPG,421000
Honda,Jazz,2022,92556,LPG,426000
Honda,Jazz,2022,160158,LPG,368000
Honda,Jazz,2022,38055,LPG,550000
Honda,Jazz,2022,3536,LPG,584000
Honda,Jazz,2022,4121,LPG,632000
Honda,Jazz,2023,179345,Petrol,467000
Honda,Jazz,2023,148697,Petrol,630000
Honda,Jazz,2023,131182,Petrol,638000
Honda,Jazz,2023,144067,Petrol,502000
Honda,Jazz,2023,173156,Petrol,549000
Honda,Jazz,2023,144203,Petrol,494000
Honda,Jazz,2023,179059,Diesel,548000
Honda,Jazz,2023,35352,Diesel,772000
Honda,Jazz,2023,101664,Diesel,758000
Honda,Jazz,2023,96838,Diesel,677000
Honda,Jazz,2023,5210,Diesel,765000
Honda,Jazz,2023,100119,Diesel,783000
Honda,Jazz,2023,119543,CNG,409000
Honda,Jazz,2023,8185,CNG,663000
Honda,Jazz,2023,96800,CNG,460000
Honda,Jazz,2023,163810,CNG,437000
Honda,Jazz,2023,60972,CNG,508000
Honda,Jazz,2023,132448,CNG,524000
Honda,Jazz,2023,12645,LPG,558000
Honda,Jazz,2023,161866,LPG,378000
Honda,Jazz,2023,54402,LPG,621000
Honda,Jazz,2023,170362,LPG,391000
Honda,Jazz,2023,75704,LPG,529000
Honda,Jazz,2023,132502,LPG,406000
Honda,Jazz,2024,53795,Petrol,802000
Honda,Jazz,2024,151296,Petrol,629000
Honda,Jazz,2024,161065,Petrol,593000
Honda,Jazz,2024,20133,Petrol,846000
Honda,Jazz,2024,20052,Petrol,735000
Honda,Jazz,2024,152396,Petrol,659000
Honda,Jazz,2024,140122,Diesel,712000
Honda,Jazz,2024,74913,Diesel,718000
Honda,Jazz,2024,9060,Diesel,1041000
Honda,Jazz,2024,142707,Diesel,685000
Honda,Jazz,2024,149831,Diesel,722000
Honda,Jazz,2024,3512,Diesel,1039000
Honda,Jazz,2024,171025,CNG,463000
Honda,Jazz,2024,173401,CNG,381000
Honda,Jazz,2024,87672,CNG,542000
Honda,Jazz,2024,109660,CNG,489000
Honda,Jazz,2024,138867,CNG,479000
Honda,Jazz,2024,97757,CNG,542000
Honda,Jazz,2024,14394,LPG,705000
Honda,Jazz,2024,61863,LPG,497000
Honda,Jazz,2024,113116,LPG,510000
Honda,Jazz,2024,85900,LPG,463000
Honda,Jazz,2024,54015,LPG,554000
Honda,Jazz,2024,152899,LPG,494000
Honda,Jazz,2025,62147,Petrol,914000
Honda,Jazz,2025,114101,Petrol,801000
Honda,Jazz,2025,68531,Petrol,721000
Honda,Jazz,2025,89304,Petrol,711000
Honda,Jazz,2025,167100,Petrol,632000
Honda,Jazz,2025,10306,Petrol,892000
Honda,Jazz,2025,9297,Diesel,997000
Honda,Jazz,2025,167180,Diesel,742000
Honda,Jazz,2025,68643,Diesel,790000
Honda,Jazz,2025,127145,Diesel,681000
Honda,Jazz,2025,92339,Diesel,885000
Honda,Jazz,2025,90448,Diesel,815000
Honda,Jazz,2025,65060,CNG,702000
Honda,Jazz,2025,160277,CNG,502000
Honda,Jazz,2025,28079,CNG,699000
Honda,Jazz,2025,154764,CNG,439000
Honda,Jazz,2025,18908,CNG,771000
Honda,Jazz,2025,101931,CNG,538000
Honda,Jazz,2025,20046,LPG,723000
Honda,Jazz,2025,19253,LPG,751000
Honda,Jazz,2025,118846,LPG,462000
Honda,Jazz,2025,163101,LPG,486000
Honda,Jazz,2025,20246,LPG,590000
Honda,Jazz,2025,17625,LPG,683000
Mahindra,XUV500,2015,80310,Petrol,679000
Mahindra,XUV500,2015,108298,Petrol,507000
Mahindra,XUV500,2015,110769,Petrol,527000
Mahindra,XUV500,2015,160175,Petrol,541000
Mahindra,XUV500,2015,166579,Petrol,420000
Mahindra,XUV500,2015,103642,Petrol,576000
Mahindra,XUV500,2015,115225,Diesel,677000
Mahindra,XUV500,2015,165327,Diesel,469000
Mahindra,XUV500,2015,173635,Diesel,583000
Mahindra,XUV500,2015,9808,Diesel,767000
Mahindra,XUV500,2015,89034,Diesel,668000
Mahindra,XUV500,2015,31313,Diesel,657000
Mahindra,XUV500,2015,159021,CNG,415000
Mahindra,XUV500,2015,158421,CNG,424000
Mahindra,XUV500,2015,53754,CNG,571000
Mahindra,XUV500,2015,36025,CNG,552000
Mahindra,XUV500,2015,70183,CNG,471000
Mahindra,XUV500,2015,129195,CNG,452000
Mahindra,XUV500,2015,119555,LPG,386000
Mahindra,XUV500,2015,39090,LPG,559000
Mahindra,XUV500,2015,18857,LPG,479000
Mahindra,XUV500,2015,156229,LPG,376000
Mahindra,XUV500,2015,173840,LPG,391000
Mahindra,XUV500,2015,84576,LPG,475000
Mahindra,XUV500,2016,144857,Petrol,616000
Mahindra,XUV500,2016,41642,Petrol,730000
Mahindra,XUV500,2016,161159,Petrol,520000
Mahindra,XUV500,2016,99686,Petrol,731000
Mahindra,XUV500,2016,138706,Petrol,595000
Mahindra,XUV500,2016,40906,Petrol,643000
Mahindra,XUV500,2016,135935,Diesel,691000
Mahindra,XUV500,2016,149656,Diesel,671000
Mahindra,XUV500,2016,113640,Diesel,640000
Mahindra,XUV500,2016,55526,Diesel,803000
Mahindra,XUV500,2016,55759,Diesel,835000
Mahindra,XUV500,2016,92535,Diesel,643000
Mahindra,XUV500,2016,127708,CNG,493000
Mahindra,XUV500,2016,125526,CNG,483000
Mahindra,XUV500,2016,89807,CNG,567000
Mahindra,XUV500,2016,151398,CNG,496000
Mahindra,XUV500,2016,164507,CNG,396000
Mahindra,XUV500,2016,89145,CNG,464000
Mahindra,XUV500,2016,122092,LPG,512000
Mahindra,XUV500,2016,14060,LPG,593000
Mahindra,XUV500,2016,3969,LPG,630000
Mahindra,XUV500,2016,63364,LPG,528000
Mahindra,XUV500,2016,58872,LPG,498000
Mahindra,XUV500,2016,89904,LPG,546000
Mahindra,XUV500,2017,101543,Petrol,638000
Mahindra,XUV500,2017,51298,Petrol,861000
Mahindra,XUV500,2017,4763,Petrol,833000
Mahindra,XUV500,2017,22328,Petrol,802000
Mahindra,XUV500,2017,148409,Petrol,547000
Mahindra,XUV500,2017,79172,Petrol,725000
Mahindra,XUV500,2017,168500,Diesel,643000
Mahindra,XUV500,2017,97348,Diesel,661000
Mahindra,XUV500,2017,10781,Diesel,845000
Mahindra,XUV500,2017,77475,Diesel,724000
Mahindra,XUV500,2017,71681,Diesel,862000
Mahindra,XUV500,2017,92081,Diesel,850000
Mahindra,XUV500,2017,67478,CNG,536000
Mahindra,XUV500,2017,8634,CNG,608000
Mahindra,XUV500,2017,71626,CNG,655000
Mahindra,XUV500,2017,8503,CNG,737000
Mahindra,XUV500,2017,38977,CNG,608000
Mahindra,XUV500,2017,32089,CNG,609000
Mahindra,XUV500,2017,58112,LPG,555000
Mahindra,XUV500,2017,65953,LPG,556000
Mahindra,XUV500,2017,100609,LPG,557000
Mahindra,XUV500,2017,141130,LPG,544000
Mahindra,XUV500,2017,166369,LPG,494000
Mahindra,XUV500,2017,20138,LPG,568000
Mahindra,XUV500,2018,37287,Petrol,956000
Mahindra,XUV500,2018,53248,Petrol,858000
Mahindra,XUV500,2018,101108,Petrol,719000
Mahindra,XUV500,2018,115601,Petrol,833000
Mahindra,XUV500,2018,67107,Petrol,925000
Mahindra,XUV500,2018,164488,Petrol,655000
Mahindra,XUV500,2018,143369,Diesel,689000
Mahindra,XUV500,2018,41945,Diesel,894000
Mahindra,XUV500,2018,16961,Diesel,1030000
Mahindra,XUV500,2018,76419,Diesel,965000
Mahindra,XUV500,2018,136239,Diesel,850000
Mahindra,XUV500,2018,131185,Diesel,694000
Mahindra,XUV500,2018,24340,CNG,765000
Mahindra,XUV500,2018,176933,CNG,496000
Mahindra,XUV500,2018,46891,CNG,674000
Mahindra,XUV500,2018,172101,CNG,522000
Mahindra,XUV500,2018,101111,CNG,592000
Mahindra,XUV500,2018,124704,CNG,505000
Mahindra,XUV500,2018,101010,LPG,581000
Mahindra,XUV500,2018,129693,LPG,569000
Mahindra,XUV500,2018,132706,LPG,527000
Mahindra,XUV500,2018,155354,LPG,484000
Mahindra,XUV500,2018,156087,LPG,519000
Mahindra,XUV500,2018,57316,LPG,588000
Mahindra,XUV500,2019,56215,Petrol,902000
Mahindra,XUV500,2019,64442,Petrol,870000
Mahindra,XUV500,2019,83215,Petrol,840000
Mahindra,XUV500,2019,101850,Petrol,838000
Mahindra,XUV500,2019,101069,Petrol,763000
Mahindra,XUV500,2019,25219,Petrol,874000
Mahindra,XUV500,2019,25027,Diesel,994000
Mahindra,XUV500,2019,139005,Diesel,769000
Mahindra,XUV500,2019,156082,Diesel,663000
Mahindra,XUV500,2019,137286,Diesel,836000
Mahindra,XUV500,2019,114700,Diesel,845000
Mahindra,XUV500,2019,116378,Diesel,831000
Mahindra,XUV500,2019,133427,CNG,558000
Mahindra,XUV500,2019,103236,CNG,550000
Mahindra,XUV500,2019,118785,CNG,565000
Mahindra,XUV500,2019,172175,CNG,462000
Mahindra,XUV500,2019,24605,CNG,719000
Mahindra,XUV500,2019,134534,CNG,590000
Mahindra,XUV500,2019,171730,LPG,451000
Mahindra,XUV500,2019,75463,LPG,748000
Mahindra,XUV500,2019,28797,LPG,656000
Mahindra,XUV500,2019,97433,LPG,546000
Mahindra,XUV500,2019,55509,LPG,663000
Mahindra,XUV500,2019,179975,LPG,476000
Mahindra,XUV500,2020,82355,Petrol,996000
Mahindra,XUV500,2020,74949,Petrol,860000
Mahindra,XUV500,2020,161343,Petrol,863000
Mahindra,XUV500,2020,145377,Petrol,884000
Mahindra,XUV500,2020,5237,Petrol,1187000
Mahindra,XUV500,2020,76884,Petrol,1030000
Mahindra,XUV500,2020,108856,Diesel,1062000
Mahindra,XUV500,2020,155031,Diesel,891000
Mahindra,XUV500,2020,6117,Diesel,1177000
Mahindra,XUV500,2020,137387,Diesel,995000
Mahindra,XUV500,2020,42133,Diesel,1217000
Mahindra,XUV500,2020,62658,Diesel,967000
Mahindra,XUV500,2020,58017,CNG,761000
Mahindra,XUV500,2020,138220,CNG,644000
Mahindra,XUV500,2020,147864,CNG,657000
Mahindra,XUV500,2020,123953,CNG,622000
Mahindra,XUV500,2020,25511,CNG,779000
Mahindra,XUV500,2020,52242,CNG,761000
Mahindra,XUV500,2020,112494,LPG,600000
Mahindra,XUV500,2020,120957,LPG,707000
Mahindra,XUV500,2020,10891,LPG,797000
Mahindra,XUV500,2020,154390,LPG,648000
Mahindra,XUV500,2020,83103,LPG,796000
Mahindra,XUV500,2020,5537,LPG,836000
Mahindra,XUV500,2021,175713,Petrol,852000
Mahindra,XUV500,2021,92082,Petrol,899000
Mahindra,XUV500,2021,114599,Petrol,973000
Mahindra,XUV500,2021,108740,Petrol,1009000
Mahindra,XUV500,2021,143929,Petrol,803000
Mahindra,XUV500,2021,156866,Petrol,708000
Mahindra,XUV500,2021,11443,Diesel,1419000
Mahindra,XUV500,2021,43289,Diesel,1345000
Mahindra,XUV500,2021,89573,Diesel,1083000
Mahindra,XUV500,2021,161073,Diesel,982000
Mahindra,XUV500,2021,153438,Diesel,992000
Mahindra,XUV500,2021,102960,Diesel,938000
Mahindra,XUV500,2021,105402,CNG,643000
Mahindra,XUV500,2021,104301,CNG,672000
Mahindra,XUV500,2021,31478,CNG,832000
Mahindra,XUV500,2021,121367,CNG,736000
Mahindra,XUV500,2021,82860,CNG,687000
Mahindra,XUV500,2021,30345,CNG,922000
Mahindra,XUV500,2021,49566,LPG,708000
Mahindra,XUV500,2021,161168,LPG,615000
Mahindra,XUV500,2021,51940,LPG,744000
Mahindra,XUV500,2021,104159,LPG,675000
Mahindra,XUV500,2021,64089,LPG,745000
Mahindra,XUV500,2021,140467,LPG,572000
Mahindra,XUV500,2022,18061,Petrol,1192000
Mahindra,XUV500,2022,5895,Petrol,1149000
Mahindra,XUV500,2022,110704,Petrol,969000
Mahindra,XUV500,2022,32030,Petrol,1073000
Mahindra,XUV500,2022,112684,Petrol,989000
Mahindra,XUV500,2022,21025,Petrol,1192000
Mahindra,XUV500,2022,57127,Diesel,1097000
Mahindra,XUV500,2022,56916,Diesel,1162000
Mahindra,XUV500,2022,177271,Diesel,889000
Mahindra,XUV500,2022,161258,Diesel,961000
Mahindra,XUV500,2022,84346,Diesel,1183000
Mahindra,XUV500,2022,134720,Diesel,1078000
Mahindra,XUV500,2022,123312,CNG,706000
Mahindra,XUV500,2022,4951,CNG,1135000
Mahindra,XUV500,2022,119845,CNG,666000
Mahindra,XUV500,2022,107657,CNG,811000
Mahindra,XUV500,2022,67707,CNG,873000
Mahindra,XUV500,2022,152219,CNG,774000
Mahindra,XUV500,2022,123639,LPG,727000
Mahindra,XUV500,2022,13245,LPG,1017000
Mahindra,XUV500,2022,78474,LPG,859000
Mahindra,XUV500,2022,122618,LPG,704000
Mahindra,XUV500,2022,80974,LPG,793000
Mahindra,XUV500,2022,48908,LPG,860000
Mahindra,XUV500,2023,50075,Petrol,1383000
Mahindra,XUV500,2023,116266,Petrol,1044000
Mahindra,XUV500,2023,175773,Petrol,810000
Mahindra,XUV500,2023,152059,Petrol,845000
Mahindra,XUV500,2023,14446,Petrol,1235000
Mahindra,XUV500,2023,44400,Petrol,1172000
Mahindra,XUV500,2023,167648,Diesel,999000
Mahindra,XUV500,2023,177760,Diesel,1074000
Mahindra,XUV500,2023,59952,Diesel,1464000
Mahindra,XUV500,2023,110814,Diesel,1323000
Mahindra,XUV500,2023,147919,Diesel,931000
Mahindra,XUV500,2023,99660,Diesel,1044000
Mahindra,XUV500,2023,30583,CNG,1009000
Mahindra,XUV500,2023,88462,CNG,861000
Mahindra,XUV500,2023,46211,CNG,904000
Mahindra,XUV500,2023,135661,CNG,679000
Mahindra,XUV500,2023,10003,CNG,921000
Mahindra,XUV500,2023,124085,CNG,779000
Mahindra,XUV500,2023,107685,LPG,906000
Mahindra,XUV500,2023,106985,LPG,712000
Mahindra,XUV500,2023,68694,LPG,801000
Mahindra,XUV500,2023,38777,LPG,916000
Mahindra,XUV500,2023,124699,LPG,782000
Mahindra,XUV500,2023,20887,LPG,881000
Mahindra,XUV500,2024,175234,Petrol,884000
Mahindra,XUV500,2024,117746,Petrol,1007000
Mahindra,XUV500,2024,76175,Petrol,1371000
Mahindra,XUV500,2024,47718,Petrol,1462000
Mahindra,XUV500,2024,162118,Petrol,878000
Mahindra,XUV500,2024,80108,Petrol,1100000
Mahindra,XUV500,2024,105458,Diesel,1132000
Mahindra,XUV500,2024,179001,Diesel,1098000
Mahindra,XUV500,2024,74631,Diesel,1215000
Mahindra,XUV500,2024,96870,Diesel,1161000
Mahindra,XUV500,2024,12029,Diesel,1728000
Mahindra,XUV500,2024,142538,Diesel,1042000
Mahindra,XUV500,2024,15518,CNG,1221000
Mahindra,XUV500,2024,140068,CNG,860000
Mahindra,XUV500,2024,176025,CNG,829000
Mahindra,XUV500,2024,105398,CNG,956000
Mahindra,XUV500,2024,119388,CNG,759000
Mahindra,XUV500,2024,4223,CNG,988000
Mahindra,XUV500,2024,101931,LPG,959000
Mahindra,XUV500,2024,68457,LPG,930000
Mahindra,XUV500,2024,65531,LPG,886000
Mahindra,XUV500,2024,7204,LPG,1077000
Mahindra,XUV500,2024,6816,LPG,1050000
Mahindra,XUV500,2024,53371,LPG,1051000
Mahindra,XUV500,2025,19560,Petrol,1384000
Mahindra,XUV500,2025,28323,Petrol,1607000
Mahindra,XUV500,2025,177092,Petrol,915000
Mahindra,XUV500,2025,46790,Petrol,1233000
Mahindra,XUV500,2025,137348,Petrol,1007000
Mahindra,XUV500,2025,88758,Petrol,1223000
Mahindra,XUV500,2025,167308,Diesel,1025000
Mahindra,XUV500,2025,57295,Diesel,1689000
Mahindra,XUV500,2025,106563,Diesel,1503000
Mahindra,XUV500,2025,34668,Diesel,1453000
Mahindra,XUV500,2025,30757,Diesel,1523000
Mahindra,XUV500,2025,48513,Diesel,1313000
Mahindra,XUV500,2025,174440,CNG,754000
Mahindra,XUV500,2025,105022,CNG,885000
Mahindra,XUV500,2025,60696,CNG,939000
Mahindra,XUV500,2025,75995,CNG,1083000
Mahindra,XUV500,2025,99725,CNG,849000
Mahindra,XUV500,2025,60294,CNG,1048000
Mahindra,XUV500,2025,159989,LPG,810000
Mahindra,XUV500,2025,29689,LPG,1190000
Mahindra,XUV500,2025,152213,LPG,750000
Mahindra,XUV500,2025,27836,LPG,1158000
Mahindra,XUV500,2025,168379,LPG,836000
Mahindra,XUV500,2025,37847,LPG,1048000
Mahindra,Bolero,2015,169554,Petrol,405000
Mahindra,Bolero,2015,86353,Petrol,537000
Mahindra,Bolero,2015,177685,Petrol,365000
Mahindra,Bolero,2015,90845,Petrol,401000
Mahindra,Bolero,2015,156363,Petrol,386000
Mahindra,Bolero,2015,136962,Petrol,430000
Mahindra,Bolero,2015,63928,Diesel,537000
Mahindra,Bolero,2015,6484,Diesel,560000
Mahindra,Bolero,2015,164572,Diesel,444000
Mahindra,Bolero,2015,35520,Diesel,540000
Mahindra,Bolero,2015,115328,Diesel,509000
Mahindra,Bolero,2015,165467,Diesel,361000
Mahindra,Bolero,2015,39059,CNG,395000
Mahindra,Bolero,2015,80755,CNG,340000
Mahindra,Bolero,2015,101500,CNG,324000
Mahindra,Bolero,2015,12937,CNG,400000
Mahindra,Bolero,2015,159781,CNG,345000
Mahindra,Bolero,2015,119320,CNG,362000
Mahindra,Bolero,2015,89164,LPG,318000
Mahindra,Bolero,2015,86240,LPG,373000
Mahindra,Bolero,2015,13382,LPG,424000
Mahindra,Bolero,2015,111761,LPG,351000
Mahindra,Bolero,2015,78616,LPG,391000
Mahindra,Bolero,2015,63033,LPG,416000
Mahindra,Bolero,2016,89840,Petrol,488000
Mahindra,Bolero,2016,56953,Petrol,559000
Mahindra,Bolero,2016,177327,Petrol,460000
Mahindra,Bolero,2016,61312,Petrol,564000
Mahindra,Bolero,2016,103004,Petrol,498000
Mahindra,Bolero,2016,51115,Petrol,550000
Mahindra,Bolero,2016,4584,Diesel,583000
Mahindra,Bolero,2016,131881,Diesel,434000
Mahindra,Bolero,2016,53453,Diesel,523000
Mahindra,Bolero,2016,40101,Diesel,698000
Mahindra,Bolero,2016,35915,Diesel,551000
Mahindra,Bolero,2016,158354,Diesel,467000
Mahindra,Bolero,2016,56575,CNG,398000
Mahindra,Bolero,2016,23490,CNG,453000
Mahindra,Bolero,2016,125440,CNG,344000
Mahindra,Bolero,2016,54782,CNG,401000
Mahindra,Bolero,2016,49251,CNG,452000
Mahindra,Bolero,2016,82456,CNG,381000
Mahindra,Bolero,2016,120511,LPG,409000
Mahindra,Bolero,2016,55796,LPG,393000
Mahindra,Bolero,2016,129136,LPG,308000
Mahindra,Bolero,2016,97262,LPG,370000
Mahindra,Bolero,2016,46978,LPG,426000
Mahindra,Bolero,2016,113807,LPG,367000
Mahindra,Bolero,2017,116621,Petrol,561000
Mahindra,Bolero,2017,129353,Petrol,433000
Mahindra,Bolero,2017,102986,Petrol,528000
Mahindra,Bolero,2017,24818,Petrol,695000
Mahindra,Bolero,2017,81703,Petrol,584000
Mahindra,Bolero,2017,43055,Petrol,631000
Mahindra,Bolero,2017,49058,Diesel,615000
Mahindra,Bolero,2017,124543,Diesel,520000
Mahindra,Bolero,2017,77245,Diesel,598000
Mahindra,Bolero,2017,161865,Diesel,494000
Mahindra,Bolero,2017,90355,Diesel,538000
Mahindra,Bolero,2017,126013,Diesel,500000
Mahindra,Bolero,2017,52709,CNG,406000
Mahindra,Bolero,2017,134255,CNG,414000
Mahindra,Bolero,2017,101109,CNG,422000
Mahindra,Bolero,2017,112004,CNG,464000
Mahindra,Bolero,2017,100817,CNG,409000
Mahindra,Bolero,2017,83690,CNG,460000
Mahindra,Bolero,2017,157221,LPG,310000
Mahindra,Bolero,2017,13178,LPG,575000
Mahindra,Bolero,2017,35631,LPG,464000
Mahindra,Bolero,2017,151270,LPG,325000
Mahindra,Bolero,2017,117372,LPG,448000
Mahindra,Bolero,2017,94377,LPG,420000
Mahindra,Bolero,2018,131089,Petrol,566000
Mahindra,Bolero,2018,99516,Petrol,625000
Mahindra,Bolero,2018,173631,Petrol,466000
Mahindra,Bolero,2018,114159,Petrol,609000
Mahindra,Bolero,2018,66531,Petrol,636000
Mahindra,Bolero,2018,97742,Petrol,617000
Mahindra,Bolero,2018,10407,Diesel,826000
Mahindra,Bolero,2018,172170,Diesel,469000
Mahindra,Bolero,2018,161711,Diesel,533000
Mahindra,Bolero,2018,41631,Diesel,679000
Mahindra,Bolero,2018,160849,Diesel,553000
Mahindra,Bolero,2018,176697,Diesel,567000
Mahindra,Bolero,2018,6234,CNG,505000
Mahindra,Bolero,2018,27197,CNG,568000
Mahindra,Bolero,2018,103754,CNG,443000
Mahindra,Bolero,2018,156658,CNG,450000
Mahindra,Bolero,2018,24062,CNG,551000
Mahindra,Bolero,2018,52498,CNG,572000
Mahindra,Bolero,2018,46469,LPG,558000
Mahindra,Bolero,2018,69288,LPG,511000
Mahindra,Bolero,2018,134241,LPG,467000
Mahindra,Bolero,2018,175618,LPG,405000
Mahindra,Bolero,2018,156637,LPG,364000
Mahindra,Bolero,2018,110900,LPG,469000
Mahindra,Bolero,2019,26297,Petrol,671000
Mahindra,Bolero,2019,153106,Petrol,600000
Mahindra,Bolero,2019,93280,Petrol,710000
Mahindra,Bolero,2019,73522,Petrol,732000
Mahindra,Bolero,2019,107325,Petrol,664000
Mahindra,Bolero,2019,4683,Petrol,905000
Mahindra,Bolero,2019,131902,Diesel,544000
Mahindra,Bolero,2019,21308,Diesel,893000
Mahindra,Bolero,2019,112534,Diesel,674000
Mahindra,Bolero,2019,174578,Diesel,527000
Mahindra,Bolero,2019,115970,Diesel,600000
Mahindra,Bolero,2019,101212,Diesel,626000
Mahindra,Bolero,2019,38214,CNG,525000
Mahindra,Bolero,2019,50706,CNG,561000
Mahindra,Bolero,2019,31898,CNG,576000
Mahindra,Bolero,2019,58724,CNG,500000
Mahindra,Bolero,2019,18461,CNG,644000
Mahindra,Bolero,2019,53301,CNG,518000
Mahindra,Bolero,2019,110162,LPG,466000
Mahindra,Bolero,2019,166688,LPG,359000
Mahindra,Bolero,2019,169837,LPG,362000
Mahindra,Bolero,2019,79841,LPG,449000
Mahindra,Bolero,2019,35684,LPG,528000
Mahindra,Bolero,2019,92693,LPG,427000
Mahindra,Bolero,2020,64546,Petrol,747000
Mahindra,Bolero,2020,179371,Petrol,596000
Mahindra,Bolero,2020,5492,Petrol,745000
Mahindra,Bolero,2020,4894,Petrol,896000
Mahindra,Bolero,2020,13973,Petrol,741000
Mahindra,Bolero,2020,139926,Petrol,674000
Mahindra,Bolero,2020,101478,Diesel,765000
Mahindra,Bolero,2020,72687,Diesel,897000
Mahindra,Bolero,2020,127054,Diesel,747000
Mahindra,Bolero,2020,161432,Diesel,618000
Mahindra,Bolero,2020,100199,Diesel,785000
Mahindra,Bolero,2020,92935,Diesel,869000
Mahindra,Bolero,2020,65808,CNG,660000
Mahindra,Bolero,2020,177346,CNG,422000
Mahindra,Bolero,2020,163119,CNG,395000
Mahindra,Bolero,2020,96330,CNG,603000
Mahindra,Bolero,2020,29260,CNG,542000
Mahindra,Bolero,2020,108331,CNG,562000
Mahindra,Bolero,2020,39402,LPG,521000
Mahindra,Bolero,2020,35216,LPG,675000
Mahindra,Bolero,2020,76260,LPG,629000
Mahindra,Bolero,2020,68152,LPG,545000
Mahindra,Bolero,2020,165097,LPG,463000
Mahindra,Bolero,2020,127570,LPG,491000
Mahindra,Bolero,2021,176074,Petrol,547000
Mahindra,Bolero,2021,170267,Petrol,694000
Mahindra,Bolero,2021,87458,Petrol,659000
Mahindra,Bolero,2021,97425,Petrol,829000
Mahindra,Bolero,2021,88334,Petrol,805000
Mahindra,Bolero,2021,64225,Petrol,835000
Mahindra,Bolero,2021,107900,Diesel,842000
Mahindra,Bolero,2021,24330,Diesel,912000
Mahindra,Bolero,2021,127812,Diesel,853000
Mahindra,Bolero,2021,29333,Diesel,1009000
Mahindra,Bolero,2021,80034,Diesel,869000
Mahindra,Bolero,2021,40528,Diesel,1021000
Mahindra,Bolero,2021,152918,CNG,545000
Mahindra,Bolero,2021,135287,CNG,457000
Mahindra,Bolero,2021,133528,CNG,577000
Mahindra,Bolero,2021,81996,CNG,665000
Mahindra,Bolero,2021,146850,CNG,585000
Mahindra,Bolero,2021,125369,CNG,491000
Mahindra,Bolero,2021,119991,LPG,608000
Mahindra,Bolero,2021,129397,LPG,548000
Mahindra,Bolero,2021,66150,LPG,567000
Mahindra,Bolero,2021,47677,LPG,686000
Mahindra,Bolero,2021,175948,LPG,484000
Mahindra,Bolero,2021,30648,LPG,650000
Mahindra,Bolero,2022,10660,Petrol,880000
Mahindra,Bolero,2022,88590,Petrol,917000
Mahindra,Bolero,2022,76494,Petrol,776000
Mahindra,Bolero,2022,70535,Petrol,898000
Mahindra,Bolero,2022,178794,Petrol,570000
Mahindra,Bolero,2022,38587,Petrol,1034000
Mahindra,Bolero,2022,169080,Diesel,760000
Mahindra,Bolero,2022,26708,Diesel,1108000
Mahindra,Bolero,2022,90241,Diesel,979000
Mahindra,Bolero,2022,153987,Diesel,803000
Mahindra,Bolero,2022,160464,Diesel,639000
Mahindra,Bolero,2022,92974,Diesel,846000
Mahindra,Bolero,2022,103047,CNG,645000
Mahindra,Bolero,2022,150298,CNG,618000
Mahindra,Bolero,2022,117547,CNG,649000
Mahindra,Bolero,2022,61602,CNG,634000
Mahindra,Bolero,2022,79277,CNG,576000
Mahindra,Bolero,2022,26367,CNG,703000
Mahindra,Bolero,2022,158241,LPG,584000
Mahindra,Bolero,2022,33436,LPG,722000
Mahindra,Bolero,2022,36401,LPG,775000
Mahindra,Bolero,2022,102665,LPG,616000
Mahindra,Bolero,2022,3440,LPG,711000
Mahindra,Bolero,2022,157680,LPG,524000
Mahindra,Bolero,2023,104750,Petrol,962000
Mahindra,Bolero,2023,86792,Petrol,953000
Mahindra,Bolero,2023,36110,Petrol,997000
Mahindra,Bolero,2023,160710,Petrol,744000
Mahindra,Bolero,2023,30940,Petrol,972000
Mahindra,Bolero,2023,144110,Petrol,838000
Mahindra,Bolero,2023,85818,Diesel,857000
Mahindra,Bolero,2023,80810,Diesel,1062000
Mahindra,Bolero,2023,134028,Diesel,889000
Mahindra,Bolero,2023,41646,Diesel,1089000
Mahindra,Bolero,2023,41239,Diesel,1135000
Mahindra,Bolero,2023,12003,Diesel,1158000
Mahindra,Bolero,2023,83974,CNG,694000
Mahindra,Bolero,2023,35365,CNG,723000
Mahindra,Bolero,2023,153463,CNG,574000
Mahindra,Bolero,2023,59545,CNG,733000
Mahindra,Bolero,2023,101751,CNG,578000
Mahindra,Bolero,2023,90331,CNG,614000
Mahindra,Bolero,2023,58210,LPG,790000
Mahindra,Bolero,2023,62001,LPG,753000
Mahindra,Bolero,2023,16779,LPG,881000
Mahindra,Bolero,2023,49929,LPG,807000
Mahindra,Bolero,2023,105710,LPG,603000
Mahindra,Bolero,2023,175818,LPG,590000
Mahindra,Bolero,2024,44731,Petrol,1188000
Mahindra,Bolero,2024,146639,Petrol,781000
Mahindra,Bolero,2024,113739,Petrol,927000
Mahindra,Bolero,2024,94306,Petrol,996000
Mahindra,Bolero,2024,105514,Petrol,788000
Mahindra,Bolero,2024,77197,Petrol,904000
Mahindra,Bolero,2024,54142,Diesel,1164000
Mahindra,Bolero,2024,146657,Diesel,844000
Mahindra,Bolero,2024,37314,Diesel,1082000
Mahindra,Bolero,2024,155144,Diesel,941000
Mahindra,Bolero,2024,17188,Diesel,1312000
Mahindra,Bolero,2024,82711,Diesel,1016000
Mahindra,Bolero,2024,45911,CNG,827000
Mahindra,Bolero,2024,118837,CNG,717000
Mahindra,Bolero,2024,79305,CNG,836000
Mahindra,Bolero,2024,57988,CNG,722000
Mahindra,Bolero,2024,54289,CNG,848000
Mahindra,Bolero,2024,5394,CNG,845000
Mahindra,Bolero,2024,153911,LPG,531000
Mahindra,Bolero,2024,41693,LPG,767000
Mahindra,Bolero,2024,114964,LPG,703000
Mahindra,Bolero,2024,47098,LPG,883000
Mahindra,Bolero,2024,28178,LPG,784000
Mahindra,Bolero,2024,127223,LPG,586000
Mahindra,Bolero,2025,16755,Petrol,1045000
Mahindra,Bolero,2025,138118,Petrol,919000
Mahindra,Bolero,2025,158554,Petrol,815000
Mahindra,Bolero,2025,41946,Petrol,1156000
Mahindra,Bolero,2025,108904,Petrol,881000
Mahindra,Bolero,2025,34143,Petrol,1048000
Mahindra,Bolero,2025,131090,Diesel,914000
Mahindra,Bolero,2025,159278,Diesel,1014000
Mahindra,Bolero,2025,174126,Diesel,918000
Mahindra,Bolero,2025,178829,Diesel,883000
Mahindra,Bolero,2025,124549,Diesel,1092000
Mahindra,Bolero,2025,173475,Diesel,829000
Mahindra,Bolero,2025,168762,CNG,657000
Mahindra,Bolero,2025,99291,CNG,652000
Mahindra,Bolero,2025,33573,CNG,778000
Mahindra,Bolero,2025,131245,CNG,729000
Mahindra,Bolero,2025,136627,CNG,635000
Mahindra,Bolero,2025,156839,CNG,665000
Mahindra,Bolero,2025,153111,LPG,638000
Mahindra,Bolero,2025,27786,LPG,948000
Mahindra,Bolero,2025,50473,LPG,803000
Mahindra,Bolero,2025,171977,LPG,643000
Mahindra,Bolero,2025,81214,LPG,791000
Mahindra,Bolero,2025,29067,LPG,827000
Mahindra,Scorpio,2015,143905,Petrol,532000
Mahindra,Scorpio,2015,8176,Petrol,783000
Mahindra,Scorpio,2015,143618,Petrol,634000
Mahindra,Scorpio,2015,141959,Petrol,587000
Mahindra,Scorpio,2015,139026,Petrol,652000
Mahindra,Scorpio,2015,144290,Petrol,621000
Mahindra,Scorpio,2015,173839,Diesel,516000
Mahindra,Scorpio,2015,57385,Diesel,892000
Mahindra,Scorpio,2015,33756,Diesel,751000
Mahindra,Scorpio,2015,160051,Diesel,638000
Mahindra,Scorpio,2015,4395,Diesel,894000
Mahindra,Scorpio,2015,85390,Diesel,655000
Mahindra,Scorpio,2015,36768,CNG,607000
Mahindra,Scorpio,2015,174085,CNG,377000
Mahindra,Scorpio,2015,150455,CNG,416000
Mahindra,Scorpio,2015,12176,CNG,550000
Mahindra,Scorpio,2015,35693,CNG,596000
Mahindra,Scorpio,2015,98304,CNG,585000
Mahindra,Scorpio,2015,47984,LPG,552000
Mahindra,Scorpio,2015,175532,LPG,346000
Mahindra,Scorpio,2015,81800,LPG,453000
Mahindra,Scorpio,2015,139168,LPG,504000
Mahindra,Scorpio,2015,79912,LPG,549000
Mahindra,Scorpio,2015,119633,LPG,425000
Mahindra,Scorpio,2016,131566,Petrol,701000
Mahindra,Scorpio,2016,140013,Petrol,725000
Mahindra,Scorpio,2016,95305,Petrol,751000
Mahindra,Scorpio,2016,136848,Petrol,598000
Mahindra,Scorpio,2016,28954,Petrol,888000
Mahindra,Scorpio,2016,14727,Petrol,806000
Mahindra,Scorpio,2016,52302,Diesel,779000
Mahindra,Scorpio,2016,59416,Diesel,970000
Mahindra,Scorpio,2016,160848,Diesel,669000
Mahindra,Scorpio,2016,158132,Diesel,637000
Mahindra,Scorpio,2016,36683,Diesel,961000
Mahindra,Scorpio,2016,113628,Diesel,658000
Mahindra,Scorpio,2016,69838,CNG,562000
Mahindra,Scorpio,2016,173333,CNG,512000
Mahindra,Scorpio,2016,107873,CNG,543000
Mahindra,Scorpio,2016,69631,CNG,635000
Mahindra,Scorpio,2016,40550,CNG,652000
Mahindra,Scorpio,2016,21496,CNG,697000
Mahindra,Scorpio,2016,73621,LPG,667000
Mahindra,Scorpio,2016,172232,LPG,408000
Mahindra,Scorpio,2016,100554,LPG,556000
Mahindra,Scorpio,2016,172809,LPG,489000
Mahindra,Scorpio,2016,161582,LPG,418000
Mahindra,Scorpio,2016,43236,LPG,591000
Mahindra,Scorpio,2017,116672,Petrol,726000
Mahindra,Scorpio,2017,161232,Petrol,616000
Mahindra,Scorpio,2017,73811,Petrol,745000
Mahindra,Scorpio,2017,31833,Petrol,968000
Mahindra,Scorpio,2017,109635,Petrol,669000
Mahindra,Scorpio,2017,170818,Petrol,569000
Mahindra,Scorpio,2017,90429,Diesel,938000
Mahindra,Scorpio,2017,41359,Diesel,1076000
Mahindra,Scorpio,2017,62183,Diesel,867000
Mahindra,Scorpio,2017,28676,Diesel,963000
Mahindra,Scorpio,2017,61255,Diesel,897000
Mahindra,Scorpio,2017,30525,Diesel,1077000
Mahindra,Scorpio,2017,35375,CNG,644000
Mahindra,Scorpio,2017,83360,CNG,654000
Mahindra,Scorpio,2017,131350,CNG,498000
Mahindra,Scorpio,2017,94462,CNG,657000
Mahindra,Scorpio,2017,76923,CNG,657000
Mahindra,Scorpio,2017,162243,CNG,457000
Mahindra,Scorpio,2017,15573,LPG,653000
Mahindra,Scorpio,2017,105121,LPG,534000
Mahindra,Scorpio,2017,142377,LPG,541000
Mahindra,Scorpio,2017,108552,LPG,580000
Mahindra,Scorpio,2017,36442,LPG,643000
Mahindra,Scorpio,2017,137628,LPG,574000
Mahindra,Scorpio,2018,175376,Petrol,617000
Mahindra,Scorpio,2018,102300,Petrol,865000
Mahindra,Scorpio,2018,73089,Petrol,792000
Mahindra,Scorpio,2018,170560,Petrol,799000
Mahindra,Scorpio,2018,68303,Petrol,968000
Mahindra,Scorpio,2018,112640,Petrol,876000
Mahindra,Scorpio,2018,50999,Diesel,1015000
Mahindra,Scorpio,2018,95799,Diesel,1012000
Mahindra,Scorpio,2018,134656,Diesel,789000
Mahindra,Scorpio,2018,115136,Diesel,891000
Mahindra,Scorpio,2018,62969,Diesel,949000
Mahindra,Scorpio,2018,25791,Diesel,1234000
Mahindra,Scorpio,2018,109565,CNG,700000
Mahindra,Scorpio,2018,26629,CNG,818000
Mahindra,Scorpio,2018,23104,CNG,846000
Mahindra,Scorpio,2018,27545,CNG,709000
Mahindra,Scorpio,2018,18050,CNG,704000
Mahindra,Scorpio,2018,77934,CNG,713000
Mahindra,Scorpio,2018,132197,LPG,649000
Mahindra,Scorpio,2018,5803,LPG,908000
Mahindra,Scorpio,2018,114144,LPG,657000
Mahindra,Scorpio,2018,38763,LPG,743000
Mahindra,Scorpio,2018,138007,LPG,618000
Mahindra,Scorpio,2018,142567,LPG,612000
Mahindra,Scorpio,2019,109291,Petrol,774000
Mahindra,Scorpio,2019,52855,Petrol,1156000
Mahindra,Scorpio,2019,4911,Petrol,1214000
Mahindra,Scorpio,2019,143070,Petrol,884000
Mahindra,Scorpio,2019,67022,Petrol,1143000
Mahindra,Scorpio,2019,176322,Petrol,845000
Mahindra,Scorpio,2019,141441,Diesel,942000
Mahindra,Scorpio,2019,14103,Diesel,1249000
Mahindra,Scorpio,2019,47179,Diesel,1186000
Mahindra,Scorpio,2019,140236,Diesel,1002000
Mahindra,Scorpio,2019,48826,Diesel,986000
Mahindra,Scorpio,2019,37948,Diesel,1156000
Mahindra,Scorpio,2019,16344,CNG,851000
Mahindra,Scorpio,2019,102377,CNG,647000
Mahindra,Scorpio,2019,32683,CNG,802000
Mahindra,Scorpio,2019,68474,CNG,852000
Mahindra,Scorpio,2019,33897,CNG,788000
Mahindra,Scorpio,2019,129648,CNG,627000
Mahindra,Scorpio,2019,58853,LPG,662000
Mahindra,Scorpio,2019,168459,LPG,593000
Mahindra,Scorpio,2019,60006,LPG,867000
Mahindra,Scorpio,2019,171551,LPG,579000
Mahindra,Scorpio,2019,12287,LPG,964000
Mahindra,Scorpio,2019,164939,LPG,647000
Mahindra,Scorpio,2020,18072,Petrol,1150000
Mahindra,Scorpio,2020,164357,Petrol,827000
Mahindra,Scorpio,2020,81210,Petrol,999000
Mahindra,Scorpio,2020,4351,Petrol,1181000
Mahindra,Scorpio,2020,51800,Petrol,1085000
Mahindra,Scorpio,2020,5323,Petrol,1089000
Mahindra,Scorpio,2020,131986,Diesel,903000
Mahindra,Scorpio,2020,141699,Diesel,968000
Mahindra,Scorpio,2020,43294,Diesel,1197000
Mahindra,Scorpio,2020,130772,Diesel,851000
Mahindra,Scorpio,2020,175132,Diesel,811000
Mahindra,Scorpio,2020,126390,Diesel,975000
Mahindra,Scorpio,2020,81455,CNG,781000
Mahindra,Scorpio,2020,50757,CNG,882000
Mahindra,Scorpio,2020,73643,CNG,734000
Mahindra,Scorpio,2020,117969,CNG,776000
Mahindra,Scorpio,2020,118174,CNG,669000
Mahindra,Scorpio,2020,95730,CNG,842000
Mahindra,Scorpio,2020,4523,LPG,900000
Mahindra,Scorpio,2020,55026,LPG,747000
Mahindra,Scorpio,2020,77684,LPG,693000
Mahindra,Scorpio,2020,106427,LPG,728000
Mahindra,Scorpio,2020,89825,LPG,867000
Mahindra,Scorpio,2020,45024,LPG,903000
Mahindra,Scorpio,2021,128644,Petrol,1129000
Mahindra,Scorpio,2021,72677,Petrol,1019000
Mahindra,Scorpio,2021,131206,Petrol,1004000
Mahindra,Scorpio,2021,36406,Petrol,1180000
Mahindra,Scorpio,2021,107825,Petrol,1052000
Mahindra,Scorpio,2021,104934,Petrol,946000
Mahindra,Scorpio,2021,31279,Diesel,1473000
Mahindra,Scorpio,2021,36062,Diesel,1209000
Mahindra,Scorpio,2021,134072,Diesel,910000
Mahindra,Scorpio,2021,64998,Diesel,1096000
Mahindra,Scorpio,2021,92690,Diesel,1156000
Mahindra,Scorpio,2021,159522,Diesel,1054000
Mahindra,Scorpio,2021,116856,CNG,797000
Mahindra,Scorpio,2021,76983,CNG,881000
Mahindra,Scorpio,2021,115447,CNG,745000
Mahindra,Scorpio,2021,42975,CNG,1020000
Mahindra,Scorpio,2021,51984,CNG,869000
Mahindra,Scorpio,2021,33151,CNG,1080000
Mahindra,Scorpio,2021,67842,LPG,924000
Mahindra,Scorpio,2021,115501,LPG,715000
Mahindra,Scorpio,2021,30017,LPG,1014000
Mahindra,Scorpio,2021,134683,LPG,769000
Mahindra,Scorpio,2021,52458,LPG,1043000
Mahindra,Scorpio,2021,157978,LPG,723000
Mahindra,Scorpio,2022,41987,Petrol,1215000
Mahindra,Scorpio,2022,37680,Petrol,1293000
Mahindra,Scorpio,2022,74791,Petrol,1399000
Mahindra,Scorpio,2022,41327,Petrol,1292000
Mahindra,Scorpio,2022,164603,Petrol,881000
Mahindra,Scorpio,2022,16357,Petrol,1344000
Mahindra,Scorpio,2022,140618,Diesel,1055000
Mahindra,Scorpio,2022,169018,Diesel,1173000
Mahindra,Scorpio,2022,61137,Diesel,1300000
Mahindra,Scorpio,2022,128618,Diesel,1007000
Mahindra,Scorpio,2022,114954,Diesel,1248000
Mahindra,Scorpio,2022,82767,Diesel,1150000
Mahindra,Scorpio,2022,98309,CNG,845000
Mahindra,Scorpio,2022,95018,CNG,966000
Mahindra,Scorpio,2022,67741,CNG,920000
Mahindra,Scorpio,2022,15466,CNG,987000
Mahindra,Scorpio,2022,3140,CNG,970000
Mahindra,Scorpio,2022,87315,CNG,849000
Mahindra,Scorpio,2022,126747,LPG,765000
Mahindra,Scorpio,2022,161996,LPG,654000
Mahindra,Scorpio,2022,51454,LPG,911000
Mahindra,Scorpio,2022,131787,LPG,774000
Mahindra,Scorpio,2022,82785,LPG,810000
Mahindra,Scorpio,2022,178360,LPG,604000
Mahindra,Scorpio,2023,147642,Petrol,1172000
Mahindra,Scorpio,2023,37159,Petrol,1357000
Mahindra,Scorpio,2023,97734,Petrol,1328000
Mahindra,Scorpio,2023,157379,Petrol,1065000
Mahindra,Scorpio,2023,100410,Petrol,1138000
Mahindra,Scorpio,2023,75337,Petrol,1199000
Mahindra,Scorpio,2023,103676,Diesel,1161000
Mahindra,Scorpio,2023,30883,Diesel,1394000
Mahindra,Scorpio,2023,160767,Diesel,1005000
Mahindra,Scorpio,2023,156763,Diesel,1299000
Mahindra,Scorpio,2023,174535,Diesel,1184000
Mahindra,Scorpio,2023,53574,Diesel,1575000
Mahindra,Scorpio,2023,28857,CNG,993000
Mahindra,Scorpio,2023,146282,CNG,880000
Mahindra,Scorpio,2023,82030,CNG,1071000
Mahindra,Scorpio,2023,55952,CNG,1078000
Mahindra,Scorpio,2023,43284,CNG,953000
Mahindra,Scorpio,2023,53254,CNG,1049000
Mahindra,Scorpio,2023,69198,LPG,1125000
Mahindra,Scorpio,2023,149891,LPG,934000
Mahindra,Scorpio,2023,98947,LPG,926000
Mahindra,Scorpio,2023,33783,LPG,1223000
Mahindra,Scorpio,2023,20749,LPG,1118000
Mahindra,Scorpio,2023,140301,LPG,949000
Mahindra,Scorpio,2024,135086,Petrol,1304000
Mahindra,Scorpio,2024,46761,Petrol,1536000
Mahindra,Scorpio,2024,36799,Petrol,1433000
Mahindra,Scorpio,2024,151419,Petrol,1002000
Mahindra,Scorpio,2024,52857,Petrol,1576000
Mahindra,Scorpio,2024,107200,Petrol,1292000
Mahindra,Scorpio,2024,142583,Diesel,1409000
Mahindra,Scorpio,2024,22657,Diesel,1533000
Mahindra,Scorpio,2024,136504,Diesel,1250000
Mahindra,Scorpio,2024,105300,Diesel,1364000
Mahindra,Scorpio,2024,74170,Diesel,1386000
Mahindra,Scorpio,2024,3943,Diesel,1590000
Mahindra,Scorpio,2024,60096,CNG,1161000
Mahindra,Scorpio,2024,5322,CNG,1412000
Mahindra,Scorpio,2024,137426,CNG,920000
Mahindra,Scorpio,2024,140644,CNG,859000
Mahindra,Scorpio,2024,60759,CNG,1062000
Mahindra,Scorpio,2024,73389,CNG,1113000
Mahindra,Scorpio,2024,47855,LPG,1041000
Mahindra,Scorpio,2024,142871,LPG,826000
Mahindra,Scorpio,2024,13247,LPG,1268000
Mahindra,Scorpio,2024,75812,LPG,1194000
Mahindra,Scorpio,2024,73892,LPG,1183000
Mahindra,Scorpio,2024,16505,LPG,1261000
Mahindra,Scorpio,2025,68275,Petrol,1733000
Mahindra,Scorpio,2025,58043,Petrol,1568000
Mahindra,Scorpio,2025,3366,Petrol,1820000
Mahindra,Scorpio,2025,168854,Petrol,1199000
Mahindra,Scorpio,2025,99760,Petrol,1334000
Mahindra,Scorpio,2025,146989,Petrol,1155000
Mahindra,Scorpio,2025,38025,Diesel,1706000
Mahindra,Scorpio,2025,163296,Diesel,1201000
Mahindra,Scorpio,2025,18011,Diesel,1896000
Mahindra,Scorpio,2025,5728,Diesel,2052000
Mahindra,Scorpio,2025,60482,Diesel,1779000
Mahindra,Scorpio,2025,76319,Diesel,1456000
Mahindra,Scorpio,2025,7099,CNG,1365000
Mahindra,Scorpio,2025,155898,CNG,835000
Mahindra,Scorpio,2025,103134,CNG,1229000
Mahindra,Scorpio,2025,70461,CNG,1304000
Mahindra,Scorpio,2025,169279,CNG,934000
Mahindra,Scorpio,2025,57043,CNG,1326000
Mahindra,Scorpio,2025,60839,LPG,1112000
Mahindra,Scorpio,2025,56456,LPG,1212000
Mahindra,Scorpio,2025,106668,LPG,945000
Mahindra,Scorpio,2025,63744,LPG,1243000
Mahindra,Scorpio,2025,116745,LPG,984000
Mahindra,Scorpio,2025,128568,LPG,874000
Mahindra,Xylo,2015,50582,Petrol,454000
Mahindra,Xylo,2015,49166,Petrol,419000
Mahindra,Xylo,2015,131586,Petrol,425000
Mahindra,Xylo,2015,50292,Petrol,479000
Mahindra,Xylo,2015,8517,Petrol,474000
Mahindra,Xylo,2015,49591,Petrol,503000
Mahindra,Xylo,2015,162336,Diesel,339000
Mahindra,Xylo,2015,40623,Diesel,444000
Mahindra,Xylo,2015,67291,Diesel,471000
Mahindra,Xylo,2015,172114,Diesel,411000
Mahindra,Xylo,2015,29275,Diesel,553000
Mahindra,Xylo,2015,38990,Diesel,542000
Mahindra,Xylo,2015,6090,CNG,405000
Mahindra,Xylo,2015,102057,CNG,306000
Mahindra,Xylo,2015,31845,CNG,409000
Mahindra,Xylo,2015,171947,CNG,294000
Mahindra,Xylo,2015,37649,CNG,341000
Mahindra,Xylo,2015,24914,CNG,353000
Mahindra,Xylo,2015,167465,LPG,266000
Mahindra,Xylo,2015,5463,LPG,435000
Mahindra,Xylo,2015,30876,LPG,369000
Mahindra,Xylo,2015,91706,LPG,350000
Mahindra,Xylo,2015,25273,LPG,337000
Mahindra,Xylo,2015,128940,LPG,310000
Mahindra,Xylo,2016,119477,Petrol,465000
Mahindra,Xylo,2016,83579,Petrol,443000
Mahindra,Xylo,2016,43504,Petrol,472000
Mahindra,Xylo,2016,145482,Petrol,419000
Mahindra,Xylo,2016,167491,Petrol,377000
Mahindra,Xylo,2016,8559,Petrol,602000
Mahindra,Xylo,2016,29952,Diesel,575000
Mahindra,Xylo,2016,29887,Diesel,570000
Mahindra,Xylo,2016,111864,Diesel,420000
Mahindra,Xylo,2016,61802,Diesel,456000
Mahindra,Xylo,2016,114970,Diesel,450000
Mahindra,Xylo,2016,95618,Diesel,511000
Mahindra,Xylo,2016,62214,CNG,429000
Mahindra,Xylo,2016,103858,CNG,364000
Mahindra,Xylo,2016,32467,CNG,407000
Mahindra,Xylo,2016,31871,CNG,376000
Mahindra,Xylo,2016,76875,CNG,354000
Mahindra,Xylo,2016,164401,CNG,279000
Mahindra,Xylo,2016,97501,LPG,384000
Mahindra,Xylo,2016,25230,LPG,450000
Mahindra,Xylo,2016,161467,LPG,258000
Mahindra,Xylo,2016,115362,LPG,330000
Mahindra,Xylo,2016,160184,LPG,262000
Mahindra,Xylo,2016,114475,LPG,294000
Mahindra,Xylo,2017,177921,Petrol,414000
Mahindra,Xylo,2017,166776,Petrol,444000
Mahindra,Xylo,2017,94327,Petrol,549000
Mahindra,Xylo,2017,74065,Petrol,582000
Mahindra,Xylo,2017,176468,Petrol,379000
Mahindra,Xylo,2017,72573,Petrol,568000
Mahindra,Xylo,2017,23019,Diesel,681000
Mahindra,Xylo,2017,41965,Diesel,652000
Mahindra,Xylo,2017,41427,Diesel,572000
Mahindra,Xylo,2017,105393,Diesel,512000
Mahindra,Xylo,2017,128418,Diesel,534000
Mahindra,Xylo,2017,32665,Diesel,629000
Mahindra,Xylo,2017,76000,CNG,362000
Mahindra,Xylo,2017,87686,CNG,449000
Mahindra,Xylo,2017,50676,CNG,461000
Mahindra,Xylo,2017,95434,CNG,365000
Mahindra,Xylo,2017,114105,CNG,365000
Mahindra,Xylo,2017,111513,CNG,380000
Mahindra,Xylo,2017,169881,LPG,291000
Mahindra,Xylo,2017,174430,LPG,339000
Mahindra,Xylo,2017,103449,LPG,359000
Mahindra,Xylo,2017,133312,LPG,344000
Mahindra,Xylo,2017,132132,LPG,344000
Mahindra,Xylo,2017,63323,LPG,391000
Mahindra,Xylo,2018,155296,Petrol,485000
Mahindra,Xylo,2018,141135,Petrol,486000
Mahindra,Xylo,2018,60497,Petrol,617000
Mahindra,Xylo,2018,64654,Petrol,554000
Mahindra,Xylo,2018,56288,Petrol,672000
Mahindra,Xylo,2018,7496,Petrol,626000
Mahindra,Xylo,2018,127236,Diesel,604000
Mahindra,Xylo,2018,31876,Diesel,584000
Mahindra,Xylo,2018,94579,Diesel,557000
Mahindra,Xylo,2018,39529,Diesel,619000
Mahindra,Xylo,2018,40785,Diesel,721000
Mahindra,Xylo,2018,147572,Diesel,574000
Mahindra,Xylo,2018,113382,CNG,370000
Mahindra,Xylo,2018,61874,CNG,394000
Mahindra,Xylo,2018,39123,CNG,423000
Mahindra,Xylo,2018,40506,CNG,458000
Mahindra,Xylo,2018,9906,CNG,535000
Mahindra,Xylo,2018,114334,CNG,384000
Mahindra,Xylo,2018,30789,LPG,495000
Mahindra,Xylo,2018,22338,LPG,478000
Mahindra,Xylo,2018,158694,LPG,381000
Mahindra,Xylo,2018,10913,LPG,442000
Mahindra,Xylo,2018,40035,LPG,406000
Mahindra,Xylo,2018,23202,LPG,412000
Mahindra,Xylo,2019,112181,Petrol,500000
Mahindra,Xylo,2019,50821,Petrol,639000
Mahindra,Xylo,2019,39729,Petrol,708000
Mahindra,Xylo,2019,81514,Petrol,595000
Mahindra,Xylo,2019,91430,Petrol,577000
Mahindra,Xylo,2019,172042,Petrol,497000
Mahindra,Xylo,2019,78174,Diesel,580000
Mahindra,Xylo,2019,18728,Diesel,828000
Mahindra,Xylo,2019,11419,Diesel,780000
Mahindra,Xylo,2019,48503,Diesel,700000
Mahindra,Xylo,2019,5848,Diesel,742000
Mahindra,Xylo,2019,114049,Diesel,629000
Mahindra,Xylo,2019,122091,CNG,430000
Mahindra,Xylo,2019,70647,CNG,539000
Mahindra,Xylo,2019,134562,CNG,386000
Mahindra,Xylo,2019,62589,CNG,479000
Mahindra,Xylo,2019,44104,CNG,476000
Mahindra,Xylo,2019,27100,CNG,532000
Mahindra,Xylo,2019,35802,LPG,542000
Mahindra,Xylo,2019,107963,LPG,442000
Mahindra,Xylo,2019,60385,LPG,464000
Mahindra,Xylo,2019,149615,LPG,394000
Mahindra,Xylo,2019,23239,LPG,568000
Mahindra,Xylo,2019,125797,LPG,405000
Mahindra,Xylo,2020,174101,Petrol,525000
Mahindra,Xylo,2020,102737,Petrol,555000
Mahindra,Xylo,2020,100380,Petrol,645000
Mahindra,Xylo,2020,54047,Petrol,644000
Mahindra,Xylo,2020,30367,Petrol,638000
Mahindra,Xylo,2020,161122,Petrol,567000
Mahindra,Xylo,2020,90941,Diesel,590000
Mahindra,Xylo,2020,76978,Diesel,638000
Mahindra,Xylo,2020,30909,Diesel,685000
Mahindra,Xylo,2020,159529,Diesel,488000
Mahindra,Xylo,2020,84033,Diesel,632000
Mahindra,Xylo,2020,55881,Diesel,773000
Mahindra,Xylo,2020,11484,CNG,545000
Mahindra,Xylo,2020,25292,CNG,653000
Mahindra,Xylo,2020,151058,CNG,366000
Mahindra,Xylo,2020,129827,CNG,388000
Mahindra,Xylo,2020,85465,CNG,441000
Mahindra,Xylo,2020,83898,CNG,431000
Mahindra,Xylo,2020,96493,LPG,510000
Mahindra,Xylo,2020,107369,LPG,462000
Mahindra,Xylo,2020,85437,LPG,524000
Mahindra,Xylo,2020,96280,LPG,541000
Mahindra,Xylo,2020,179864,LPG,333000
Mahindra,Xylo,2020,109767,LPG,512000
Mahindra,Xylo,2021,135010,Petrol,538000
Mahindra,Xylo,2021,42370,Petrol,657000
Mahindra,Xylo,2021,103168,Petrol,657000
Mahindra,Xylo,2021,12806,Petrol,762000
Mahindra,Xylo,2021,42724,Petrol,803000
Mahindra,Xylo,2021,23644,Petrol,883000
Mahindra,Xylo,2021,27455,Diesel,963000
Mahindra,Xylo,2021,63704,Diesel,873000
Mahindra,Xylo,2021,174499,Diesel,525000
Mahindra,Xylo,2021,45217,Diesel,936000
Mahindra,Xylo,2021,134496,Diesel,661000
Mahindra,Xylo,2021,162577,Diesel,634000
Mahindra,Xylo,2021,92499,CNG,522000
Mahindra,Xylo,2021,37392,CNG,573000
Mahindra,Xylo,2021,97454,CNG,542000
Mahindra,Xylo,2021,115958,CNG,432000
Mahindra,Xylo,2021,104615,CNG,475000
Mahindra,Xylo,2021,163009,CNG,452000
Mahindra,Xylo,2021,42951,LPG,590000
Mahindra,Xylo,2021,133422,LPG,410000
Mahindra,Xylo,2021,6916,LPG,560000
Mahindra,Xylo,2021,84144,LPG,534000
Mahindra,Xylo,2021,25850,LPG,600000
Mahindra,Xylo,2021,122225,LPG,453000
Mahindra,Xylo,2022,80491,Petrol,677000
Mahindra,Xylo,2022,76431,Petrol,775000
Mahindra,Xylo,2022,95633,Petrol,637000
Mahindra,Xylo,2022,49972,Petrol,855000
Mahindra,Xylo,2022,123780,Petrol,626000
Mahindra,Xylo,2022,127062,Petrol,760000
Mahindra,Xylo,2022,118879,Diesel,769000
Mahindra,Xylo,2022,39817,Diesel,1003000
Mahindra,Xylo,2022,152090,Diesel,670000
Mahindra,Xylo,2022,98282,Diesel,857000
Mahindra,Xylo,2022,108103,Diesel,737000
Mahindra,Xylo,2022,165446,Diesel,725000
Mahindra,Xylo,2022,36812,CNG,635000
Mahindra,Xylo,2022,137343,CNG,557000
Mahindra,Xylo,2022,85220,CNG,558000
Mahindra,Xylo,2022,111316,CNG,543000
Mahindra,Xylo,2022,71898,CNG,663000
Mahindra,Xylo,2022,14187,CNG,702000
Mahindra,Xylo,2022,171785,LPG,389000
Mahindra,Xylo,2022,67177,LPG,623000
Mahindra,Xylo,2022,150010,LPG,408000
Mahindra,Xylo,2022,30603,LPG,599000
Mahindra,Xylo,2022,44472,LPG,632000
Mahindra,Xylo,2022,22130,LPG,597000
Mahindra,Xylo,2023,124183,Petrol,756000
Mahindra,Xylo,2023,94471,Petrol,769000
Mahindra,Xylo,2023,171423,Petrol,636000
Mahindra,Xylo,2023,124858,Petrol,637000
Mahindra,Xylo,2023,50257,Petrol,920000
Mahindra,Xylo,2023,107056,Petrol,812000
Mahindra,Xylo,2023,55290,Diesel,894000
Mahindra,Xylo,2023,19900,Diesel,941000
Mahindra,Xylo,2023,161431,Diesel,698000
Mahindra,Xylo,2023,127838,Diesel,684000
Mahindra,Xylo,2023,122165,Diesel,677000
Mahindra,Xylo,2023,43826,Diesel,1067000
Mahindra,Xylo,2023,41145,CNG,714000
Mahindra,Xylo,2023,86935,CNG,630000
Mahindra,Xylo,2023,160568,CNG,548000
Mahindra,Xylo,2023,19357,CNG,810000
Mahindra,Xylo,2023,97763,CNG,652000
Mahindra,Xylo,2023,127101,CNG,511000
Mahindra,Xylo,2023,58441,LPG,712000
Mahindra,Xylo,2023,113866,LPG,525000
Mahindra,Xylo,2023,169641,LPG,436000
Mahindra,Xylo,2023,40155,LPG,586000
Mahindra,Xylo,2023,109186,LPG,500000
Mahindra,Xylo,2023,121337,LPG,611000
Mahindra,Xylo,2024,140567,Petrol,675000
Mahindra,Xylo,2024,71012,Petrol,797000
Mahindra,Xylo,2024,17088,Petrol,871000
Mahindra,Xylo,2024,115337,Petrol,751000
Mahindra,Xylo,2024,80831,Petrol,774000
Mahindra,Xylo,2024,94560,Petrol,937000
Mahindra,Xylo,2024,129255,Diesel,814000
Mahindra,Xylo,2024,45123,Diesel,1142000
Mahindra,Xylo,2024,117500,Diesel,810000
Mahindra,Xylo,2024,152505,Diesel,744000
Mahindra,Xylo,2024,5603,Diesel,1113000
Mahindra,Xylo,2024,159533,Diesel,687000
Mahindra,Xylo,2024,178102,CNG,526000
Mahindra,Xylo,2024,40910,CNG,696000
Mahindra,Xylo,2024,85972,CNG,568000
Mahindra,Xylo,2024,123234,CNG,678000
Mahindra,Xylo,2024,133926,CNG,647000
Mahindra,Xylo,2024,32781,CNG,810000
Mahindra,Xylo,2024,179670,LPG,485000
Mahindra,Xylo,2024,139496,LPG,597000
Mahindra,Xylo,2024,121111,LPG,666000
Mahindra,Xylo,2024,35956,LPG,750000
Mahindra,Xylo,2024,170488,LPG,583000
Mahindra,Xylo,2024,28544,LPG,635000
Mahindra,Xylo,2025,52193,Petrol,955000
Mahindra,Xylo,2025,146153,Petrol,834000
Mahindra,Xylo,2025,160533,Petrol,715000
Mahindra,Xylo,2025,94248,Petrol,811000
Mahindra,Xylo,2025,53111,Petrol,1110000
Mahindra,Xylo,2025,154214,Petrol,855000
Mahindra,Xylo,2025,100060,Diesel,1029000
Mahindra,Xylo,2025,7244,Diesel,1095000
Mahindra,Xylo,2025,83469,Diesel,983000
Mahindra,Xylo,2025,35701,Diesel,1158000
Mahindra,Xylo,2025,173108,Diesel,883000
Mahindra,Xylo,2025,111541,Diesel,892000
Mahindra,Xylo,2025,95330,CNG,755000
Mahindra,Xylo,2025,114633,CNG,661000
Mahindra,Xylo,2025,91034,CNG,618000
Mahindra,Xylo,2025,49088,CNG,759000
Mahindra,Xylo,2025,100811,CNG,616000
Mahindra,Xylo,2025,158947,CNG,524000
Mahindra,Xylo,2025,117262,LPG,613000
Mahindra,Xylo,2025,175911,LPG,567000
Mahindra,Xylo,2025,117686,LPG,659000
Mahindra,Xylo,2025,165627,LPG,625000
Mahindra,Xylo,2025,29011,LPG,894000
Mahindra,Xylo,2025,30213,LPG,686000
